"LOCATION","INDICATOR","SUBJECT","MEASURE","FREQUENCY","TIME","Value","Flag Codes"
"AUS","FDIRESTR","DISTRIB","RESTR","A","2003",0.175,
"AUS","FDIRESTR","DISTRIB","RESTR","A","2006",0.175,
"AUS","FDIRESTR","DISTRIB","RESTR","A","2010",0.075,
"AUS","FDIRESTR","DISTRIB","RESTR","A","2011",0.075,
"AUS","FDIRESTR","DISTRIB","RESTR","A","2012",0.075,
"AUS","FDIRESTR","DISTRIB","RESTR","A","2013",0.075,
"AUS","FDIRESTR","DISTRIB","RESTR","A","2014",0.075,
"AUS","FDIRESTR","DISTRIB","RESTR","A","2015",0.075,
"AUS","FDIRESTR","DISTRIB","RESTR","A","2016",0.075,
"AUS","FDIRESTR","DISTRIB","RESTR","A","2017",0.075,
"AUS","FDIRESTR","DISTRIB","RESTR","A","2018",0.075,
"AUS","FDIRESTR","DISTRIB","RESTR","A","2019",0.075,
"AUT","FDIRESTR","DISTRIB","RESTR","A","2003",0,
"AUT","FDIRESTR","DISTRIB","RESTR","A","2006",0,
"AUT","FDIRESTR","DISTRIB","RESTR","A","2010",0,
"AUT","FDIRESTR","DISTRIB","RESTR","A","2011",0,
"AUT","FDIRESTR","DISTRIB","RESTR","A","2012",0,
"AUT","FDIRESTR","DISTRIB","RESTR","A","2013",0,
"AUT","FDIRESTR","DISTRIB","RESTR","A","2014",0,
"AUT","FDIRESTR","DISTRIB","RESTR","A","2015",0,
"AUT","FDIRESTR","DISTRIB","RESTR","A","2016",0,
"AUT","FDIRESTR","DISTRIB","RESTR","A","2017",0,
"AUT","FDIRESTR","DISTRIB","RESTR","A","2018",0,
"AUT","FDIRESTR","DISTRIB","RESTR","A","2019",0,
"BEL","FDIRESTR","DISTRIB","RESTR","A","2003",0.023,
"BEL","FDIRESTR","DISTRIB","RESTR","A","2006",0.023,
"BEL","FDIRESTR","DISTRIB","RESTR","A","2010",0.023,
"BEL","FDIRESTR","DISTRIB","RESTR","A","2011",0.023,
"BEL","FDIRESTR","DISTRIB","RESTR","A","2012",0.023,
"BEL","FDIRESTR","DISTRIB","RESTR","A","2013",0.023,
"BEL","FDIRESTR","DISTRIB","RESTR","A","2014",0.023,
"BEL","FDIRESTR","DISTRIB","RESTR","A","2015",0.023,
"BEL","FDIRESTR","DISTRIB","RESTR","A","2016",0.023,
"BEL","FDIRESTR","DISTRIB","RESTR","A","2017",0.023,
"BEL","FDIRESTR","DISTRIB","RESTR","A","2018",0.023,
"BEL","FDIRESTR","DISTRIB","RESTR","A","2019",0.023,
"CAN","FDIRESTR","DISTRIB","RESTR","A","2003",0.11,
"CAN","FDIRESTR","DISTRIB","RESTR","A","2006",0.11,
"CAN","FDIRESTR","DISTRIB","RESTR","A","2010",0.11,
"CAN","FDIRESTR","DISTRIB","RESTR","A","2011",0.11,
"CAN","FDIRESTR","DISTRIB","RESTR","A","2012",0.11,
"CAN","FDIRESTR","DISTRIB","RESTR","A","2013",0.11,
"CAN","FDIRESTR","DISTRIB","RESTR","A","2014",0.11,
"CAN","FDIRESTR","DISTRIB","RESTR","A","2015",0.1,
"CAN","FDIRESTR","DISTRIB","RESTR","A","2016",0.1,
"CAN","FDIRESTR","DISTRIB","RESTR","A","2017",0.095,
"CAN","FDIRESTR","DISTRIB","RESTR","A","2018",0.095,
"CAN","FDIRESTR","DISTRIB","RESTR","A","2019",0.095,
"CZE","FDIRESTR","DISTRIB","RESTR","A","2003",0,
"CZE","FDIRESTR","DISTRIB","RESTR","A","2006",0,
"CZE","FDIRESTR","DISTRIB","RESTR","A","2010",0,
"CZE","FDIRESTR","DISTRIB","RESTR","A","2011",0,
"CZE","FDIRESTR","DISTRIB","RESTR","A","2012",0,
"CZE","FDIRESTR","DISTRIB","RESTR","A","2013",0,
"CZE","FDIRESTR","DISTRIB","RESTR","A","2014",0,
"CZE","FDIRESTR","DISTRIB","RESTR","A","2015",0,
"CZE","FDIRESTR","DISTRIB","RESTR","A","2016",0,
"CZE","FDIRESTR","DISTRIB","RESTR","A","2017",0,
"CZE","FDIRESTR","DISTRIB","RESTR","A","2018",0,
"CZE","FDIRESTR","DISTRIB","RESTR","A","2019",0,
"DNK","FDIRESTR","DISTRIB","RESTR","A","2003",0,
"DNK","FDIRESTR","DISTRIB","RESTR","A","2006",0,
"DNK","FDIRESTR","DISTRIB","RESTR","A","2010",0,
"DNK","FDIRESTR","DISTRIB","RESTR","A","2011",0,
"DNK","FDIRESTR","DISTRIB","RESTR","A","2012",0,
"DNK","FDIRESTR","DISTRIB","RESTR","A","2013",0,
"DNK","FDIRESTR","DISTRIB","RESTR","A","2014",0,
"DNK","FDIRESTR","DISTRIB","RESTR","A","2015",0,
"DNK","FDIRESTR","DISTRIB","RESTR","A","2016",0,
"DNK","FDIRESTR","DISTRIB","RESTR","A","2017",0,
"DNK","FDIRESTR","DISTRIB","RESTR","A","2018",0,
"DNK","FDIRESTR","DISTRIB","RESTR","A","2019",0,
"FIN","FDIRESTR","DISTRIB","RESTR","A","2003",0.15,
"FIN","FDIRESTR","DISTRIB","RESTR","A","2006",0.02,
"FIN","FDIRESTR","DISTRIB","RESTR","A","2010",0.009,
"FIN","FDIRESTR","DISTRIB","RESTR","A","2011",0.009,
"FIN","FDIRESTR","DISTRIB","RESTR","A","2012",0.009,
"FIN","FDIRESTR","DISTRIB","RESTR","A","2013",0.009,
"FIN","FDIRESTR","DISTRIB","RESTR","A","2014",0.009,
"FIN","FDIRESTR","DISTRIB","RESTR","A","2015",0.009,
"FIN","FDIRESTR","DISTRIB","RESTR","A","2016",0.009,
"FIN","FDIRESTR","DISTRIB","RESTR","A","2017",0.009,
"FIN","FDIRESTR","DISTRIB","RESTR","A","2018",0.009,
"FIN","FDIRESTR","DISTRIB","RESTR","A","2019",0.009,
"FRA","FDIRESTR","DISTRIB","RESTR","A","2003",0,
"FRA","FDIRESTR","DISTRIB","RESTR","A","2006",0,
"FRA","FDIRESTR","DISTRIB","RESTR","A","2010",0,
"FRA","FDIRESTR","DISTRIB","RESTR","A","2011",0,
"FRA","FDIRESTR","DISTRIB","RESTR","A","2012",0,
"FRA","FDIRESTR","DISTRIB","RESTR","A","2013",0,
"FRA","FDIRESTR","DISTRIB","RESTR","A","2014",0,
"FRA","FDIRESTR","DISTRIB","RESTR","A","2015",0,
"FRA","FDIRESTR","DISTRIB","RESTR","A","2016",0,
"FRA","FDIRESTR","DISTRIB","RESTR","A","2017",0,
"FRA","FDIRESTR","DISTRIB","RESTR","A","2018",0,
"FRA","FDIRESTR","DISTRIB","RESTR","A","2019",0,
"DEU","FDIRESTR","DISTRIB","RESTR","A","2003",0,
"DEU","FDIRESTR","DISTRIB","RESTR","A","2006",0,
"DEU","FDIRESTR","DISTRIB","RESTR","A","2010",0,
"DEU","FDIRESTR","DISTRIB","RESTR","A","2011",0,
"DEU","FDIRESTR","DISTRIB","RESTR","A","2012",0,
"DEU","FDIRESTR","DISTRIB","RESTR","A","2013",0,
"DEU","FDIRESTR","DISTRIB","RESTR","A","2014",0,
"DEU","FDIRESTR","DISTRIB","RESTR","A","2015",0,
"DEU","FDIRESTR","DISTRIB","RESTR","A","2016",0,
"DEU","FDIRESTR","DISTRIB","RESTR","A","2017",0,
"DEU","FDIRESTR","DISTRIB","RESTR","A","2018",0,
"DEU","FDIRESTR","DISTRIB","RESTR","A","2019",0,
"GRC","FDIRESTR","DISTRIB","RESTR","A","2003",0.015,
"GRC","FDIRESTR","DISTRIB","RESTR","A","2006",0,
"GRC","FDIRESTR","DISTRIB","RESTR","A","2010",0,
"GRC","FDIRESTR","DISTRIB","RESTR","A","2011",0,
"GRC","FDIRESTR","DISTRIB","RESTR","A","2012",0,
"GRC","FDIRESTR","DISTRIB","RESTR","A","2013",0,
"GRC","FDIRESTR","DISTRIB","RESTR","A","2014",0,
"GRC","FDIRESTR","DISTRIB","RESTR","A","2015",0,
"GRC","FDIRESTR","DISTRIB","RESTR","A","2016",0,
"GRC","FDIRESTR","DISTRIB","RESTR","A","2017",0,
"GRC","FDIRESTR","DISTRIB","RESTR","A","2018",0,
"GRC","FDIRESTR","DISTRIB","RESTR","A","2019",0,
"HUN","FDIRESTR","DISTRIB","RESTR","A","2003",0,
"HUN","FDIRESTR","DISTRIB","RESTR","A","2006",0,
"HUN","FDIRESTR","DISTRIB","RESTR","A","2010",0,
"HUN","FDIRESTR","DISTRIB","RESTR","A","2011",0,
"HUN","FDIRESTR","DISTRIB","RESTR","A","2012",0,
"HUN","FDIRESTR","DISTRIB","RESTR","A","2013",0,
"HUN","FDIRESTR","DISTRIB","RESTR","A","2014",0,
"HUN","FDIRESTR","DISTRIB","RESTR","A","2015",0,
"HUN","FDIRESTR","DISTRIB","RESTR","A","2016",0,
"HUN","FDIRESTR","DISTRIB","RESTR","A","2017",0,
"HUN","FDIRESTR","DISTRIB","RESTR","A","2018",0,
"HUN","FDIRESTR","DISTRIB","RESTR","A","2019",0,
"ISL","FDIRESTR","DISTRIB","RESTR","A","2003",0.112,
"ISL","FDIRESTR","DISTRIB","RESTR","A","2006",0.112,
"ISL","FDIRESTR","DISTRIB","RESTR","A","2010",0.112,
"ISL","FDIRESTR","DISTRIB","RESTR","A","2011",0.112,
"ISL","FDIRESTR","DISTRIB","RESTR","A","2012",0.112,
"ISL","FDIRESTR","DISTRIB","RESTR","A","2013",0.112,
"ISL","FDIRESTR","DISTRIB","RESTR","A","2014",0.112,
"ISL","FDIRESTR","DISTRIB","RESTR","A","2015",0.112,
"ISL","FDIRESTR","DISTRIB","RESTR","A","2016",0.112,
"ISL","FDIRESTR","DISTRIB","RESTR","A","2017",0.112,
"ISL","FDIRESTR","DISTRIB","RESTR","A","2018",0.112,
"ISL","FDIRESTR","DISTRIB","RESTR","A","2019",0.112,
"IRL","FDIRESTR","DISTRIB","RESTR","A","2003",0,
"IRL","FDIRESTR","DISTRIB","RESTR","A","2006",0,
"IRL","FDIRESTR","DISTRIB","RESTR","A","2010",0,
"IRL","FDIRESTR","DISTRIB","RESTR","A","2011",0,
"IRL","FDIRESTR","DISTRIB","RESTR","A","2012",0,
"IRL","FDIRESTR","DISTRIB","RESTR","A","2013",0,
"IRL","FDIRESTR","DISTRIB","RESTR","A","2014",0,
"IRL","FDIRESTR","DISTRIB","RESTR","A","2015",0,
"IRL","FDIRESTR","DISTRIB","RESTR","A","2016",0,
"IRL","FDIRESTR","DISTRIB","RESTR","A","2017",0,
"IRL","FDIRESTR","DISTRIB","RESTR","A","2018",0,
"IRL","FDIRESTR","DISTRIB","RESTR","A","2019",0,
"ITA","FDIRESTR","DISTRIB","RESTR","A","2003",0,
"ITA","FDIRESTR","DISTRIB","RESTR","A","2006",0,
"ITA","FDIRESTR","DISTRIB","RESTR","A","2010",0,
"ITA","FDIRESTR","DISTRIB","RESTR","A","2011",0,
"ITA","FDIRESTR","DISTRIB","RESTR","A","2012",0,
"ITA","FDIRESTR","DISTRIB","RESTR","A","2013",0,
"ITA","FDIRESTR","DISTRIB","RESTR","A","2014",0,
"ITA","FDIRESTR","DISTRIB","RESTR","A","2015",0,
"ITA","FDIRESTR","DISTRIB","RESTR","A","2016",0,
"ITA","FDIRESTR","DISTRIB","RESTR","A","2017",0,
"ITA","FDIRESTR","DISTRIB","RESTR","A","2018",0,
"ITA","FDIRESTR","DISTRIB","RESTR","A","2019",0,
"JPN","FDIRESTR","DISTRIB","RESTR","A","2003",0.001,
"JPN","FDIRESTR","DISTRIB","RESTR","A","2006",0.001,
"JPN","FDIRESTR","DISTRIB","RESTR","A","2010",0.001,
"JPN","FDIRESTR","DISTRIB","RESTR","A","2011",0.001,
"JPN","FDIRESTR","DISTRIB","RESTR","A","2012",0.001,
"JPN","FDIRESTR","DISTRIB","RESTR","A","2013",0.001,
"JPN","FDIRESTR","DISTRIB","RESTR","A","2014",0.001,
"JPN","FDIRESTR","DISTRIB","RESTR","A","2015",0.001,
"JPN","FDIRESTR","DISTRIB","RESTR","A","2016",0.001,
"JPN","FDIRESTR","DISTRIB","RESTR","A","2017",0.001,
"JPN","FDIRESTR","DISTRIB","RESTR","A","2018",0.001,
"JPN","FDIRESTR","DISTRIB","RESTR","A","2019",0.001,
"KOR","FDIRESTR","DISTRIB","RESTR","A","2003",0,
"KOR","FDIRESTR","DISTRIB","RESTR","A","2006",0,
"KOR","FDIRESTR","DISTRIB","RESTR","A","2010",0,
"KOR","FDIRESTR","DISTRIB","RESTR","A","2011",0,
"KOR","FDIRESTR","DISTRIB","RESTR","A","2012",0,
"KOR","FDIRESTR","DISTRIB","RESTR","A","2013",0,
"KOR","FDIRESTR","DISTRIB","RESTR","A","2014",0,
"KOR","FDIRESTR","DISTRIB","RESTR","A","2015",0,
"KOR","FDIRESTR","DISTRIB","RESTR","A","2016",0,
"KOR","FDIRESTR","DISTRIB","RESTR","A","2017",0,
"KOR","FDIRESTR","DISTRIB","RESTR","A","2018",0,
"KOR","FDIRESTR","DISTRIB","RESTR","A","2019",0,
"LUX","FDIRESTR","DISTRIB","RESTR","A","2003",0,
"LUX","FDIRESTR","DISTRIB","RESTR","A","2006",0,
"LUX","FDIRESTR","DISTRIB","RESTR","A","2010",0,
"LUX","FDIRESTR","DISTRIB","RESTR","A","2011",0,
"LUX","FDIRESTR","DISTRIB","RESTR","A","2012",0,
"LUX","FDIRESTR","DISTRIB","RESTR","A","2013",0,
"LUX","FDIRESTR","DISTRIB","RESTR","A","2014",0,
"LUX","FDIRESTR","DISTRIB","RESTR","A","2015",0,
"LUX","FDIRESTR","DISTRIB","RESTR","A","2016",0,
"LUX","FDIRESTR","DISTRIB","RESTR","A","2017",0,
"LUX","FDIRESTR","DISTRIB","RESTR","A","2018",0,
"LUX","FDIRESTR","DISTRIB","RESTR","A","2019",0,
"MEX","FDIRESTR","DISTRIB","RESTR","A","2003",0.175,
"MEX","FDIRESTR","DISTRIB","RESTR","A","2006",0.175,
"MEX","FDIRESTR","DISTRIB","RESTR","A","2010",0.175,
"MEX","FDIRESTR","DISTRIB","RESTR","A","2011",0.175,
"MEX","FDIRESTR","DISTRIB","RESTR","A","2012",0.175,
"MEX","FDIRESTR","DISTRIB","RESTR","A","2013",0.175,
"MEX","FDIRESTR","DISTRIB","RESTR","A","2014",0.175,
"MEX","FDIRESTR","DISTRIB","RESTR","A","2015",0.175,
"MEX","FDIRESTR","DISTRIB","RESTR","A","2016",0.125,
"MEX","FDIRESTR","DISTRIB","RESTR","A","2017",0.123,
"MEX","FDIRESTR","DISTRIB","RESTR","A","2018",0.123,
"MEX","FDIRESTR","DISTRIB","RESTR","A","2019",0.123,
"NLD","FDIRESTR","DISTRIB","RESTR","A","2003",0,
"NLD","FDIRESTR","DISTRIB","RESTR","A","2006",0,
"NLD","FDIRESTR","DISTRIB","RESTR","A","2010",0,
"NLD","FDIRESTR","DISTRIB","RESTR","A","2011",0,
"NLD","FDIRESTR","DISTRIB","RESTR","A","2012",0,
"NLD","FDIRESTR","DISTRIB","RESTR","A","2013",0,
"NLD","FDIRESTR","DISTRIB","RESTR","A","2014",0,
"NLD","FDIRESTR","DISTRIB","RESTR","A","2015",0,
"NLD","FDIRESTR","DISTRIB","RESTR","A","2016",0,
"NLD","FDIRESTR","DISTRIB","RESTR","A","2017",0,
"NLD","FDIRESTR","DISTRIB","RESTR","A","2018",0,
"NLD","FDIRESTR","DISTRIB","RESTR","A","2019",0,
"NZL","FDIRESTR","DISTRIB","RESTR","A","2003",0.2,
"NZL","FDIRESTR","DISTRIB","RESTR","A","2006",0.2,
"NZL","FDIRESTR","DISTRIB","RESTR","A","2010",0.2,
"NZL","FDIRESTR","DISTRIB","RESTR","A","2011",0.2,
"NZL","FDIRESTR","DISTRIB","RESTR","A","2012",0.2,
"NZL","FDIRESTR","DISTRIB","RESTR","A","2013",0.2,
"NZL","FDIRESTR","DISTRIB","RESTR","A","2014",0.2,
"NZL","FDIRESTR","DISTRIB","RESTR","A","2015",0.2,
"NZL","FDIRESTR","DISTRIB","RESTR","A","2016",0.2,
"NZL","FDIRESTR","DISTRIB","RESTR","A","2017",0.19,
"NZL","FDIRESTR","DISTRIB","RESTR","A","2018",0.19,
"NZL","FDIRESTR","DISTRIB","RESTR","A","2019",0.19,
"NOR","FDIRESTR","DISTRIB","RESTR","A","2003",0,
"NOR","FDIRESTR","DISTRIB","RESTR","A","2006",0,
"NOR","FDIRESTR","DISTRIB","RESTR","A","2010",0,
"NOR","FDIRESTR","DISTRIB","RESTR","A","2011",0,
"NOR","FDIRESTR","DISTRIB","RESTR","A","2012",0,
"NOR","FDIRESTR","DISTRIB","RESTR","A","2013",0,
"NOR","FDIRESTR","DISTRIB","RESTR","A","2014",0,
"NOR","FDIRESTR","DISTRIB","RESTR","A","2015",0,
"NOR","FDIRESTR","DISTRIB","RESTR","A","2016",0,
"NOR","FDIRESTR","DISTRIB","RESTR","A","2017",0,
"NOR","FDIRESTR","DISTRIB","RESTR","A","2018",0,
"NOR","FDIRESTR","DISTRIB","RESTR","A","2019",0,
"POL","FDIRESTR","DISTRIB","RESTR","A","2003",0,
"POL","FDIRESTR","DISTRIB","RESTR","A","2006",0,
"POL","FDIRESTR","DISTRIB","RESTR","A","2010",0,
"POL","FDIRESTR","DISTRIB","RESTR","A","2011",0,
"POL","FDIRESTR","DISTRIB","RESTR","A","2012",0,
"POL","FDIRESTR","DISTRIB","RESTR","A","2013",0,
"POL","FDIRESTR","DISTRIB","RESTR","A","2014",0,
"POL","FDIRESTR","DISTRIB","RESTR","A","2015",0,
"POL","FDIRESTR","DISTRIB","RESTR","A","2016",0,
"POL","FDIRESTR","DISTRIB","RESTR","A","2017",0,
"POL","FDIRESTR","DISTRIB","RESTR","A","2018",0,
"POL","FDIRESTR","DISTRIB","RESTR","A","2019",0,
"PRT","FDIRESTR","DISTRIB","RESTR","A","2003",0,
"PRT","FDIRESTR","DISTRIB","RESTR","A","2006",0,
"PRT","FDIRESTR","DISTRIB","RESTR","A","2010",0,
"PRT","FDIRESTR","DISTRIB","RESTR","A","2011",0,
"PRT","FDIRESTR","DISTRIB","RESTR","A","2012",0,
"PRT","FDIRESTR","DISTRIB","RESTR","A","2013",0,
"PRT","FDIRESTR","DISTRIB","RESTR","A","2014",0,
"PRT","FDIRESTR","DISTRIB","RESTR","A","2015",0,
"PRT","FDIRESTR","DISTRIB","RESTR","A","2016",0,
"PRT","FDIRESTR","DISTRIB","RESTR","A","2017",0,
"PRT","FDIRESTR","DISTRIB","RESTR","A","2018",0,
"PRT","FDIRESTR","DISTRIB","RESTR","A","2019",0,
"SVK","FDIRESTR","DISTRIB","RESTR","A","2003",0,
"SVK","FDIRESTR","DISTRIB","RESTR","A","2006",0,
"SVK","FDIRESTR","DISTRIB","RESTR","A","2010",0,
"SVK","FDIRESTR","DISTRIB","RESTR","A","2011",0,
"SVK","FDIRESTR","DISTRIB","RESTR","A","2012",0,
"SVK","FDIRESTR","DISTRIB","RESTR","A","2013",0,
"SVK","FDIRESTR","DISTRIB","RESTR","A","2014",0,
"SVK","FDIRESTR","DISTRIB","RESTR","A","2015",0,
"SVK","FDIRESTR","DISTRIB","RESTR","A","2016",0,
"SVK","FDIRESTR","DISTRIB","RESTR","A","2017",0,
"SVK","FDIRESTR","DISTRIB","RESTR","A","2018",0,
"SVK","FDIRESTR","DISTRIB","RESTR","A","2019",0,
"ESP","FDIRESTR","DISTRIB","RESTR","A","2003",0,
"ESP","FDIRESTR","DISTRIB","RESTR","A","2006",0,
"ESP","FDIRESTR","DISTRIB","RESTR","A","2010",0,
"ESP","FDIRESTR","DISTRIB","RESTR","A","2011",0,
"ESP","FDIRESTR","DISTRIB","RESTR","A","2012",0,
"ESP","FDIRESTR","DISTRIB","RESTR","A","2013",0,
"ESP","FDIRESTR","DISTRIB","RESTR","A","2014",0,
"ESP","FDIRESTR","DISTRIB","RESTR","A","2015",0,
"ESP","FDIRESTR","DISTRIB","RESTR","A","2016",0,
"ESP","FDIRESTR","DISTRIB","RESTR","A","2017",0,
"ESP","FDIRESTR","DISTRIB","RESTR","A","2018",0,
"ESP","FDIRESTR","DISTRIB","RESTR","A","2019",0,
"SWE","FDIRESTR","DISTRIB","RESTR","A","2003",0,
"SWE","FDIRESTR","DISTRIB","RESTR","A","2006",0,
"SWE","FDIRESTR","DISTRIB","RESTR","A","2010",0,
"SWE","FDIRESTR","DISTRIB","RESTR","A","2011",0,
"SWE","FDIRESTR","DISTRIB","RESTR","A","2012",0,
"SWE","FDIRESTR","DISTRIB","RESTR","A","2013",0,
"SWE","FDIRESTR","DISTRIB","RESTR","A","2014",0,
"SWE","FDIRESTR","DISTRIB","RESTR","A","2015",0,
"SWE","FDIRESTR","DISTRIB","RESTR","A","2016",0,
"SWE","FDIRESTR","DISTRIB","RESTR","A","2017",0,
"SWE","FDIRESTR","DISTRIB","RESTR","A","2018",0,
"SWE","FDIRESTR","DISTRIB","RESTR","A","2019",0,
"CHE","FDIRESTR","DISTRIB","RESTR","A","2003",0.075,
"CHE","FDIRESTR","DISTRIB","RESTR","A","2006",0.075,
"CHE","FDIRESTR","DISTRIB","RESTR","A","2010",0,
"CHE","FDIRESTR","DISTRIB","RESTR","A","2011",0,
"CHE","FDIRESTR","DISTRIB","RESTR","A","2012",0,
"CHE","FDIRESTR","DISTRIB","RESTR","A","2013",0,
"CHE","FDIRESTR","DISTRIB","RESTR","A","2014",0,
"CHE","FDIRESTR","DISTRIB","RESTR","A","2015",0,
"CHE","FDIRESTR","DISTRIB","RESTR","A","2016",0,
"CHE","FDIRESTR","DISTRIB","RESTR","A","2017",0,
"CHE","FDIRESTR","DISTRIB","RESTR","A","2018",0,
"CHE","FDIRESTR","DISTRIB","RESTR","A","2019",0,
"TUR","FDIRESTR","DISTRIB","RESTR","A","2003",0.2,
"TUR","FDIRESTR","DISTRIB","RESTR","A","2006",0.005,
"TUR","FDIRESTR","DISTRIB","RESTR","A","2010",0,
"TUR","FDIRESTR","DISTRIB","RESTR","A","2011",0,
"TUR","FDIRESTR","DISTRIB","RESTR","A","2012",0,
"TUR","FDIRESTR","DISTRIB","RESTR","A","2013",0,
"TUR","FDIRESTR","DISTRIB","RESTR","A","2014",0,
"TUR","FDIRESTR","DISTRIB","RESTR","A","2015",0,
"TUR","FDIRESTR","DISTRIB","RESTR","A","2016",0,
"TUR","FDIRESTR","DISTRIB","RESTR","A","2017",0,
"TUR","FDIRESTR","DISTRIB","RESTR","A","2018",0,
"TUR","FDIRESTR","DISTRIB","RESTR","A","2019",0,
"GBR","FDIRESTR","DISTRIB","RESTR","A","2003",0,
"GBR","FDIRESTR","DISTRIB","RESTR","A","2006",0,
"GBR","FDIRESTR","DISTRIB","RESTR","A","2010",0,
"GBR","FDIRESTR","DISTRIB","RESTR","A","2011",0,
"GBR","FDIRESTR","DISTRIB","RESTR","A","2012",0,
"GBR","FDIRESTR","DISTRIB","RESTR","A","2013",0,
"GBR","FDIRESTR","DISTRIB","RESTR","A","2014",0,
"GBR","FDIRESTR","DISTRIB","RESTR","A","2015",0,
"GBR","FDIRESTR","DISTRIB","RESTR","A","2016",0,
"GBR","FDIRESTR","DISTRIB","RESTR","A","2017",0,
"GBR","FDIRESTR","DISTRIB","RESTR","A","2018",0,
"GBR","FDIRESTR","DISTRIB","RESTR","A","2019",0,
"USA","FDIRESTR","DISTRIB","RESTR","A","2003",0,
"USA","FDIRESTR","DISTRIB","RESTR","A","2006",0,
"USA","FDIRESTR","DISTRIB","RESTR","A","2010",0,
"USA","FDIRESTR","DISTRIB","RESTR","A","2011",0,
"USA","FDIRESTR","DISTRIB","RESTR","A","2012",0,
"USA","FDIRESTR","DISTRIB","RESTR","A","2013",0,
"USA","FDIRESTR","DISTRIB","RESTR","A","2014",0,
"USA","FDIRESTR","DISTRIB","RESTR","A","2015",0,
"USA","FDIRESTR","DISTRIB","RESTR","A","2016",0,
"USA","FDIRESTR","DISTRIB","RESTR","A","2017",0,
"USA","FDIRESTR","DISTRIB","RESTR","A","2018",0,
"USA","FDIRESTR","DISTRIB","RESTR","A","2019",0,
"ARG","FDIRESTR","DISTRIB","RESTR","A","2003",0,
"ARG","FDIRESTR","DISTRIB","RESTR","A","2006",0,
"ARG","FDIRESTR","DISTRIB","RESTR","A","2010",0,
"ARG","FDIRESTR","DISTRIB","RESTR","A","2011",0,
"ARG","FDIRESTR","DISTRIB","RESTR","A","2012",0,
"ARG","FDIRESTR","DISTRIB","RESTR","A","2013",0,
"ARG","FDIRESTR","DISTRIB","RESTR","A","2014",0,
"ARG","FDIRESTR","DISTRIB","RESTR","A","2015",0,
"ARG","FDIRESTR","DISTRIB","RESTR","A","2016",0,
"ARG","FDIRESTR","DISTRIB","RESTR","A","2017",0,
"ARG","FDIRESTR","DISTRIB","RESTR","A","2018",0,
"ARG","FDIRESTR","DISTRIB","RESTR","A","2019",0,
"BRA","FDIRESTR","DISTRIB","RESTR","A","2003",0.025,
"BRA","FDIRESTR","DISTRIB","RESTR","A","2006",0.025,
"BRA","FDIRESTR","DISTRIB","RESTR","A","2010",0.025,
"BRA","FDIRESTR","DISTRIB","RESTR","A","2011",0.025,
"BRA","FDIRESTR","DISTRIB","RESTR","A","2012",0.025,
"BRA","FDIRESTR","DISTRIB","RESTR","A","2013",0.025,
"BRA","FDIRESTR","DISTRIB","RESTR","A","2014",0.025,
"BRA","FDIRESTR","DISTRIB","RESTR","A","2015",0.025,
"BRA","FDIRESTR","DISTRIB","RESTR","A","2016",0.025,
"BRA","FDIRESTR","DISTRIB","RESTR","A","2017",0.025,
"BRA","FDIRESTR","DISTRIB","RESTR","A","2018",0.025,
"BRA","FDIRESTR","DISTRIB","RESTR","A","2019",0.025,
"CHL","FDIRESTR","DISTRIB","RESTR","A","2003",0,
"CHL","FDIRESTR","DISTRIB","RESTR","A","2006",0,
"CHL","FDIRESTR","DISTRIB","RESTR","A","2010",0,
"CHL","FDIRESTR","DISTRIB","RESTR","A","2011",0,
"CHL","FDIRESTR","DISTRIB","RESTR","A","2012",0,
"CHL","FDIRESTR","DISTRIB","RESTR","A","2013",0,
"CHL","FDIRESTR","DISTRIB","RESTR","A","2014",0,
"CHL","FDIRESTR","DISTRIB","RESTR","A","2015",0,
"CHL","FDIRESTR","DISTRIB","RESTR","A","2016",0,
"CHL","FDIRESTR","DISTRIB","RESTR","A","2017",0,
"CHL","FDIRESTR","DISTRIB","RESTR","A","2018",0,
"CHL","FDIRESTR","DISTRIB","RESTR","A","2019",0,
"CHN","FDIRESTR","DISTRIB","RESTR","A","2003",0.763,
"CHN","FDIRESTR","DISTRIB","RESTR","A","2006",0.32,
"CHN","FDIRESTR","DISTRIB","RESTR","A","2010",0.28,
"CHN","FDIRESTR","DISTRIB","RESTR","A","2011",0.28,
"CHN","FDIRESTR","DISTRIB","RESTR","A","2012",0.263,
"CHN","FDIRESTR","DISTRIB","RESTR","A","2013",0.263,
"CHN","FDIRESTR","DISTRIB","RESTR","A","2014",0.263,
"CHN","FDIRESTR","DISTRIB","RESTR","A","2015",0.2,
"CHN","FDIRESTR","DISTRIB","RESTR","A","2016",0.123,
"CHN","FDIRESTR","DISTRIB","RESTR","A","2017",0.103,
"CHN","FDIRESTR","DISTRIB","RESTR","A","2018",0.075,
"CHN","FDIRESTR","DISTRIB","RESTR","A","2019",0.075,
"COL","FDIRESTR","DISTRIB","RESTR","A","2010",0,
"COL","FDIRESTR","DISTRIB","RESTR","A","2011",0,
"COL","FDIRESTR","DISTRIB","RESTR","A","2012",0,
"COL","FDIRESTR","DISTRIB","RESTR","A","2013",0,
"COL","FDIRESTR","DISTRIB","RESTR","A","2014",0,
"COL","FDIRESTR","DISTRIB","RESTR","A","2015",0,
"COL","FDIRESTR","DISTRIB","RESTR","A","2016",0,
"COL","FDIRESTR","DISTRIB","RESTR","A","2017",0,
"COL","FDIRESTR","DISTRIB","RESTR","A","2018",0,
"COL","FDIRESTR","DISTRIB","RESTR","A","2019",0,
"EGY","FDIRESTR","DISTRIB","RESTR","A","2003",0.605,
"EGY","FDIRESTR","DISTRIB","RESTR","A","2006",0.605,
"EGY","FDIRESTR","DISTRIB","RESTR","A","2010",0.605,
"EGY","FDIRESTR","DISTRIB","RESTR","A","2011",0.605,
"EGY","FDIRESTR","DISTRIB","RESTR","A","2012",0.605,
"EGY","FDIRESTR","DISTRIB","RESTR","A","2013",0.605,
"EGY","FDIRESTR","DISTRIB","RESTR","A","2014",0.605,
"EGY","FDIRESTR","DISTRIB","RESTR","A","2015",0.605,
"EGY","FDIRESTR","DISTRIB","RESTR","A","2016",0.605,
"EGY","FDIRESTR","DISTRIB","RESTR","A","2017",0.255,
"EGY","FDIRESTR","DISTRIB","RESTR","A","2018",0.255,
"EGY","FDIRESTR","DISTRIB","RESTR","A","2019",0.255,
"EST","FDIRESTR","DISTRIB","RESTR","A","2003",0,
"EST","FDIRESTR","DISTRIB","RESTR","A","2006",0,
"EST","FDIRESTR","DISTRIB","RESTR","A","2010",0,
"EST","FDIRESTR","DISTRIB","RESTR","A","2011",0,
"EST","FDIRESTR","DISTRIB","RESTR","A","2012",0,
"EST","FDIRESTR","DISTRIB","RESTR","A","2013",0,
"EST","FDIRESTR","DISTRIB","RESTR","A","2014",0,
"EST","FDIRESTR","DISTRIB","RESTR","A","2015",0,
"EST","FDIRESTR","DISTRIB","RESTR","A","2016",0,
"EST","FDIRESTR","DISTRIB","RESTR","A","2017",0,
"EST","FDIRESTR","DISTRIB","RESTR","A","2018",0,
"EST","FDIRESTR","DISTRIB","RESTR","A","2019",0,
"IND","FDIRESTR","DISTRIB","RESTR","A","2003",0.59,
"IND","FDIRESTR","DISTRIB","RESTR","A","2006",0.438,
"IND","FDIRESTR","DISTRIB","RESTR","A","2010",0.438,
"IND","FDIRESTR","DISTRIB","RESTR","A","2011",0.438,
"IND","FDIRESTR","DISTRIB","RESTR","A","2012",0.319,
"IND","FDIRESTR","DISTRIB","RESTR","A","2013",0.306,
"IND","FDIRESTR","DISTRIB","RESTR","A","2014",0.313,
"IND","FDIRESTR","DISTRIB","RESTR","A","2015",0.298,
"IND","FDIRESTR","DISTRIB","RESTR","A","2016",0.298,
"IND","FDIRESTR","DISTRIB","RESTR","A","2017",0.298,
"IND","FDIRESTR","DISTRIB","RESTR","A","2018",0.285,
"IND","FDIRESTR","DISTRIB","RESTR","A","2019",0.284,
"IDN","FDIRESTR","DISTRIB","RESTR","A","2003",0.56,
"IDN","FDIRESTR","DISTRIB","RESTR","A","2006",0.56,
"IDN","FDIRESTR","DISTRIB","RESTR","A","2010",0.56,
"IDN","FDIRESTR","DISTRIB","RESTR","A","2011",0.56,
"IDN","FDIRESTR","DISTRIB","RESTR","A","2012",0.56,
"IDN","FDIRESTR","DISTRIB","RESTR","A","2013",0.61,
"IDN","FDIRESTR","DISTRIB","RESTR","A","2014",0.741,
"IDN","FDIRESTR","DISTRIB","RESTR","A","2015",0.741,
"IDN","FDIRESTR","DISTRIB","RESTR","A","2016",0.56,
"IDN","FDIRESTR","DISTRIB","RESTR","A","2017",0.56,
"IDN","FDIRESTR","DISTRIB","RESTR","A","2018",0.555,
"IDN","FDIRESTR","DISTRIB","RESTR","A","2019",0.555,
"ISR","FDIRESTR","DISTRIB","RESTR","A","2003",0.02,
"ISR","FDIRESTR","DISTRIB","RESTR","A","2006",0.02,
"ISR","FDIRESTR","DISTRIB","RESTR","A","2010",0.02,
"ISR","FDIRESTR","DISTRIB","RESTR","A","2011",0.02,
"ISR","FDIRESTR","DISTRIB","RESTR","A","2012",0.02,
"ISR","FDIRESTR","DISTRIB","RESTR","A","2013",0.02,
"ISR","FDIRESTR","DISTRIB","RESTR","A","2014",0.02,
"ISR","FDIRESTR","DISTRIB","RESTR","A","2015",0.02,
"ISR","FDIRESTR","DISTRIB","RESTR","A","2016",0.02,
"ISR","FDIRESTR","DISTRIB","RESTR","A","2017",0.02,
"ISR","FDIRESTR","DISTRIB","RESTR","A","2018",0.02,
"ISR","FDIRESTR","DISTRIB","RESTR","A","2019",0.02,
"KAZ","FDIRESTR","DISTRIB","RESTR","A","2010",0.05,
"KAZ","FDIRESTR","DISTRIB","RESTR","A","2011",0.05,
"KAZ","FDIRESTR","DISTRIB","RESTR","A","2012",0.05,
"KAZ","FDIRESTR","DISTRIB","RESTR","A","2013",0.05,
"KAZ","FDIRESTR","DISTRIB","RESTR","A","2014",0.05,
"KAZ","FDIRESTR","DISTRIB","RESTR","A","2015",0.05,
"KAZ","FDIRESTR","DISTRIB","RESTR","A","2016",0.04,
"KAZ","FDIRESTR","DISTRIB","RESTR","A","2017",0.04,
"KAZ","FDIRESTR","DISTRIB","RESTR","A","2018",0.04,
"KAZ","FDIRESTR","DISTRIB","RESTR","A","2019",0.04,
"LVA","FDIRESTR","DISTRIB","RESTR","A","2003",0.02,
"LVA","FDIRESTR","DISTRIB","RESTR","A","2006",0.005,
"LVA","FDIRESTR","DISTRIB","RESTR","A","2010",0.005,
"LVA","FDIRESTR","DISTRIB","RESTR","A","2011",0.005,
"LVA","FDIRESTR","DISTRIB","RESTR","A","2012",0.005,
"LVA","FDIRESTR","DISTRIB","RESTR","A","2013",0.005,
"LVA","FDIRESTR","DISTRIB","RESTR","A","2014",0.005,
"LVA","FDIRESTR","DISTRIB","RESTR","A","2015",0.005,
"LVA","FDIRESTR","DISTRIB","RESTR","A","2016",0.005,
"LVA","FDIRESTR","DISTRIB","RESTR","A","2017",0.005,
"LVA","FDIRESTR","DISTRIB","RESTR","A","2018",0.005,
"LVA","FDIRESTR","DISTRIB","RESTR","A","2019",0.005,
"LTU","FDIRESTR","DISTRIB","RESTR","A","2006",0.005,
"LTU","FDIRESTR","DISTRIB","RESTR","A","2010",0.005,
"LTU","FDIRESTR","DISTRIB","RESTR","A","2011",0.005,
"LTU","FDIRESTR","DISTRIB","RESTR","A","2012",0.005,
"LTU","FDIRESTR","DISTRIB","RESTR","A","2013",0.005,
"LTU","FDIRESTR","DISTRIB","RESTR","A","2014",0.005,
"LTU","FDIRESTR","DISTRIB","RESTR","A","2015",0.005,
"LTU","FDIRESTR","DISTRIB","RESTR","A","2016",0.005,
"LTU","FDIRESTR","DISTRIB","RESTR","A","2017",0.005,
"LTU","FDIRESTR","DISTRIB","RESTR","A","2018",0.005,
"LTU","FDIRESTR","DISTRIB","RESTR","A","2019",0.005,
"MYS","FDIRESTR","DISTRIB","RESTR","A","2003",0.57,
"MYS","FDIRESTR","DISTRIB","RESTR","A","2006",0.57,
"MYS","FDIRESTR","DISTRIB","RESTR","A","2010",0.437,
"MYS","FDIRESTR","DISTRIB","RESTR","A","2011",0.437,
"MYS","FDIRESTR","DISTRIB","RESTR","A","2012",0.437,
"MYS","FDIRESTR","DISTRIB","RESTR","A","2013",0.437,
"MYS","FDIRESTR","DISTRIB","RESTR","A","2014",0.437,
"MYS","FDIRESTR","DISTRIB","RESTR","A","2015",0.437,
"MYS","FDIRESTR","DISTRIB","RESTR","A","2016",0.437,
"MYS","FDIRESTR","DISTRIB","RESTR","A","2017",0.437,
"MYS","FDIRESTR","DISTRIB","RESTR","A","2018",0.437,
"MYS","FDIRESTR","DISTRIB","RESTR","A","2019",0.437,
"PER","FDIRESTR","DISTRIB","RESTR","A","2010",0.05,
"PER","FDIRESTR","DISTRIB","RESTR","A","2011",0.05,
"PER","FDIRESTR","DISTRIB","RESTR","A","2012",0.05,
"PER","FDIRESTR","DISTRIB","RESTR","A","2013",0.05,
"PER","FDIRESTR","DISTRIB","RESTR","A","2014",0.05,
"PER","FDIRESTR","DISTRIB","RESTR","A","2015",0.05,
"PER","FDIRESTR","DISTRIB","RESTR","A","2016",0.05,
"PER","FDIRESTR","DISTRIB","RESTR","A","2017",0.05,
"PER","FDIRESTR","DISTRIB","RESTR","A","2018",0.05,
"PER","FDIRESTR","DISTRIB","RESTR","A","2019",0.05,
"ROU","FDIRESTR","DISTRIB","RESTR","A","2010",0,
"ROU","FDIRESTR","DISTRIB","RESTR","A","2011",0,
"ROU","FDIRESTR","DISTRIB","RESTR","A","2012",0,
"ROU","FDIRESTR","DISTRIB","RESTR","A","2013",0,
"ROU","FDIRESTR","DISTRIB","RESTR","A","2014",0,
"ROU","FDIRESTR","DISTRIB","RESTR","A","2015",0,
"ROU","FDIRESTR","DISTRIB","RESTR","A","2016",0,
"ROU","FDIRESTR","DISTRIB","RESTR","A","2017",0,
"ROU","FDIRESTR","DISTRIB","RESTR","A","2018",0,
"ROU","FDIRESTR","DISTRIB","RESTR","A","2019",0,
"RUS","FDIRESTR","DISTRIB","RESTR","A","2003",0.2,
"RUS","FDIRESTR","DISTRIB","RESTR","A","2006",0.15,
"RUS","FDIRESTR","DISTRIB","RESTR","A","2010",0.05,
"RUS","FDIRESTR","DISTRIB","RESTR","A","2011",0.05,
"RUS","FDIRESTR","DISTRIB","RESTR","A","2012",0.05,
"RUS","FDIRESTR","DISTRIB","RESTR","A","2013",0.05,
"RUS","FDIRESTR","DISTRIB","RESTR","A","2014",0.05,
"RUS","FDIRESTR","DISTRIB","RESTR","A","2015",0.05,
"RUS","FDIRESTR","DISTRIB","RESTR","A","2016",0.053,
"RUS","FDIRESTR","DISTRIB","RESTR","A","2017",0.053,
"RUS","FDIRESTR","DISTRIB","RESTR","A","2018",0.154,
"RUS","FDIRESTR","DISTRIB","RESTR","A","2019",0.154,
"SAU","FDIRESTR","DISTRIB","RESTR","A","2010",0.345,
"SAU","FDIRESTR","DISTRIB","RESTR","A","2011",0.345,
"SAU","FDIRESTR","DISTRIB","RESTR","A","2012",0.345,
"SAU","FDIRESTR","DISTRIB","RESTR","A","2013",0.345,
"SAU","FDIRESTR","DISTRIB","RESTR","A","2014",0.345,
"SAU","FDIRESTR","DISTRIB","RESTR","A","2015",0.345,
"SAU","FDIRESTR","DISTRIB","RESTR","A","2016",0.32,
"SAU","FDIRESTR","DISTRIB","RESTR","A","2017",0.32,
"SAU","FDIRESTR","DISTRIB","RESTR","A","2018",0.32,
"SAU","FDIRESTR","DISTRIB","RESTR","A","2019",0.32,
"SVN","FDIRESTR","DISTRIB","RESTR","A","2003",0,
"SVN","FDIRESTR","DISTRIB","RESTR","A","2006",0,
"SVN","FDIRESTR","DISTRIB","RESTR","A","2010",0,
"SVN","FDIRESTR","DISTRIB","RESTR","A","2011",0,
"SVN","FDIRESTR","DISTRIB","RESTR","A","2012",0,
"SVN","FDIRESTR","DISTRIB","RESTR","A","2013",0,
"SVN","FDIRESTR","DISTRIB","RESTR","A","2014",0,
"SVN","FDIRESTR","DISTRIB","RESTR","A","2015",0,
"SVN","FDIRESTR","DISTRIB","RESTR","A","2016",0,
"SVN","FDIRESTR","DISTRIB","RESTR","A","2017",0,
"SVN","FDIRESTR","DISTRIB","RESTR","A","2018",0,
"SVN","FDIRESTR","DISTRIB","RESTR","A","2019",0,
"ZAF","FDIRESTR","DISTRIB","RESTR","A","2003",0.06,
"ZAF","FDIRESTR","DISTRIB","RESTR","A","2006",0.06,
"ZAF","FDIRESTR","DISTRIB","RESTR","A","2010",0.01,
"ZAF","FDIRESTR","DISTRIB","RESTR","A","2011",0.01,
"ZAF","FDIRESTR","DISTRIB","RESTR","A","2012",0.01,
"ZAF","FDIRESTR","DISTRIB","RESTR","A","2013",0.01,
"ZAF","FDIRESTR","DISTRIB","RESTR","A","2014",0.01,
"ZAF","FDIRESTR","DISTRIB","RESTR","A","2015",0.01,
"ZAF","FDIRESTR","DISTRIB","RESTR","A","2016",0.01,
"ZAF","FDIRESTR","DISTRIB","RESTR","A","2017",0.01,
"ZAF","FDIRESTR","DISTRIB","RESTR","A","2018",0.01,
"ZAF","FDIRESTR","DISTRIB","RESTR","A","2019",0.01,
"UKR","FDIRESTR","DISTRIB","RESTR","A","2010",0.125,
"UKR","FDIRESTR","DISTRIB","RESTR","A","2011",0.125,
"UKR","FDIRESTR","DISTRIB","RESTR","A","2012",0.125,
"UKR","FDIRESTR","DISTRIB","RESTR","A","2013",0.125,
"UKR","FDIRESTR","DISTRIB","RESTR","A","2014",0.08,
"UKR","FDIRESTR","DISTRIB","RESTR","A","2015",0.08,
"UKR","FDIRESTR","DISTRIB","RESTR","A","2016",0.08,
"UKR","FDIRESTR","DISTRIB","RESTR","A","2017",0.08,
"UKR","FDIRESTR","DISTRIB","RESTR","A","2018",0.08,
"UKR","FDIRESTR","DISTRIB","RESTR","A","2019",0.08,
"OAVG","FDIRESTR","DISTRIB","RESTR","A","2003",0.036,
"OAVG","FDIRESTR","DISTRIB","RESTR","A","2006",0.026,
"OAVG","FDIRESTR","DISTRIB","RESTR","A","2010",0.02,
"OAVG","FDIRESTR","DISTRIB","RESTR","A","2011",0.02,
"OAVG","FDIRESTR","DISTRIB","RESTR","A","2012",0.02,
"OAVG","FDIRESTR","DISTRIB","RESTR","A","2013",0.02,
"OAVG","FDIRESTR","DISTRIB","RESTR","A","2014",0.02,
"OAVG","FDIRESTR","DISTRIB","RESTR","A","2015",0.02,
"OAVG","FDIRESTR","DISTRIB","RESTR","A","2016",0.018,
"OAVG","FDIRESTR","DISTRIB","RESTR","A","2017",0.018,
"OAVG","FDIRESTR","DISTRIB","RESTR","A","2018",0.018,
"OAVG","FDIRESTR","DISTRIB","RESTR","A","2019",0.018,
"CRI","FDIRESTR","DISTRIB","RESTR","A","2012",0,
"CRI","FDIRESTR","DISTRIB","RESTR","A","2013",0,
"CRI","FDIRESTR","DISTRIB","RESTR","A","2014",0,
"CRI","FDIRESTR","DISTRIB","RESTR","A","2015",0,
"CRI","FDIRESTR","DISTRIB","RESTR","A","2016",0,
"CRI","FDIRESTR","DISTRIB","RESTR","A","2017",0,
"CRI","FDIRESTR","DISTRIB","RESTR","A","2018",0,
"CRI","FDIRESTR","DISTRIB","RESTR","A","2019",0,
"JOR","FDIRESTR","DISTRIB","RESTR","A","2012",0.623,
"JOR","FDIRESTR","DISTRIB","RESTR","A","2013",0.623,
"JOR","FDIRESTR","DISTRIB","RESTR","A","2014",0.623,
"JOR","FDIRESTR","DISTRIB","RESTR","A","2015",0.623,
"JOR","FDIRESTR","DISTRIB","RESTR","A","2016",0.573,
"JOR","FDIRESTR","DISTRIB","RESTR","A","2017",0.573,
"JOR","FDIRESTR","DISTRIB","RESTR","A","2018",0.573,
"JOR","FDIRESTR","DISTRIB","RESTR","A","2019",0.545,
"KGZ","FDIRESTR","DISTRIB","RESTR","A","2012",0.08,
"KGZ","FDIRESTR","DISTRIB","RESTR","A","2013",0.08,
"KGZ","FDIRESTR","DISTRIB","RESTR","A","2014",0.08,
"KGZ","FDIRESTR","DISTRIB","RESTR","A","2015",0.08,
"KGZ","FDIRESTR","DISTRIB","RESTR","A","2016",0.08,
"KGZ","FDIRESTR","DISTRIB","RESTR","A","2017",0.08,
"KGZ","FDIRESTR","DISTRIB","RESTR","A","2018",0.08,
"KGZ","FDIRESTR","DISTRIB","RESTR","A","2019",0.08,
"MNG","FDIRESTR","DISTRIB","RESTR","A","2012",0.05,
"MNG","FDIRESTR","DISTRIB","RESTR","A","2013",0.06,
"MNG","FDIRESTR","DISTRIB","RESTR","A","2014",0.06,
"MNG","FDIRESTR","DISTRIB","RESTR","A","2015",0.06,
"MNG","FDIRESTR","DISTRIB","RESTR","A","2016",0.06,
"MNG","FDIRESTR","DISTRIB","RESTR","A","2017",0.06,
"MNG","FDIRESTR","DISTRIB","RESTR","A","2018",0.06,
"MNG","FDIRESTR","DISTRIB","RESTR","A","2019",0.06,
"MAR","FDIRESTR","DISTRIB","RESTR","A","2010",0,
"MAR","FDIRESTR","DISTRIB","RESTR","A","2011",0,
"MAR","FDIRESTR","DISTRIB","RESTR","A","2012",0,
"MAR","FDIRESTR","DISTRIB","RESTR","A","2013",0,
"MAR","FDIRESTR","DISTRIB","RESTR","A","2014",0,
"MAR","FDIRESTR","DISTRIB","RESTR","A","2015",0,
"MAR","FDIRESTR","DISTRIB","RESTR","A","2016",0,
"MAR","FDIRESTR","DISTRIB","RESTR","A","2017",0,
"MAR","FDIRESTR","DISTRIB","RESTR","A","2018",0,
"MAR","FDIRESTR","DISTRIB","RESTR","A","2019",0,
"MMR","FDIRESTR","DISTRIB","RESTR","A","2013",0.579,
"MMR","FDIRESTR","DISTRIB","RESTR","A","2014",0.523,
"MMR","FDIRESTR","DISTRIB","RESTR","A","2015",0.504,
"MMR","FDIRESTR","DISTRIB","RESTR","A","2016",0.494,
"MMR","FDIRESTR","DISTRIB","RESTR","A","2017",0.285,
"MMR","FDIRESTR","DISTRIB","RESTR","A","2018",0.041,
"MMR","FDIRESTR","DISTRIB","RESTR","A","2019",0.041,
"TUN","FDIRESTR","DISTRIB","RESTR","A","2010",0.25,
"TUN","FDIRESTR","DISTRIB","RESTR","A","2011",0.25,
"TUN","FDIRESTR","DISTRIB","RESTR","A","2012",0.25,
"TUN","FDIRESTR","DISTRIB","RESTR","A","2013",0.25,
"TUN","FDIRESTR","DISTRIB","RESTR","A","2014",0.25,
"TUN","FDIRESTR","DISTRIB","RESTR","A","2015",0.25,
"TUN","FDIRESTR","DISTRIB","RESTR","A","2016",0.25,
"TUN","FDIRESTR","DISTRIB","RESTR","A","2017",0.25,
"TUN","FDIRESTR","DISTRIB","RESTR","A","2018",0.25,
"TUN","FDIRESTR","DISTRIB","RESTR","A","2019",0.25,
"PHL","FDIRESTR","DISTRIB","RESTR","A","2003",0.203,
"PHL","FDIRESTR","DISTRIB","RESTR","A","2006",0.203,
"PHL","FDIRESTR","DISTRIB","RESTR","A","2010",0.203,
"PHL","FDIRESTR","DISTRIB","RESTR","A","2011",0.153,
"PHL","FDIRESTR","DISTRIB","RESTR","A","2012",0.153,
"PHL","FDIRESTR","DISTRIB","RESTR","A","2013",0.153,
"PHL","FDIRESTR","DISTRIB","RESTR","A","2014",0.153,
"PHL","FDIRESTR","DISTRIB","RESTR","A","2015",0.153,
"PHL","FDIRESTR","DISTRIB","RESTR","A","2016",0.153,
"PHL","FDIRESTR","DISTRIB","RESTR","A","2017",0.153,
"PHL","FDIRESTR","DISTRIB","RESTR","A","2018",0.153,
"PHL","FDIRESTR","DISTRIB","RESTR","A","2019",0.153,
"KHM","FDIRESTR","DISTRIB","RESTR","A","2016",0.01,
"KHM","FDIRESTR","DISTRIB","RESTR","A","2017",0.01,
"KHM","FDIRESTR","DISTRIB","RESTR","A","2018",0.01,
"KHM","FDIRESTR","DISTRIB","RESTR","A","2019",0.01,
"LAO","FDIRESTR","DISTRIB","RESTR","A","2016",0.368,
"LAO","FDIRESTR","DISTRIB","RESTR","A","2017",0.368,
"LAO","FDIRESTR","DISTRIB","RESTR","A","2018",0.368,
"LAO","FDIRESTR","DISTRIB","RESTR","A","2019",0.368,
"VNM","FDIRESTR","DISTRIB","RESTR","A","2003",0.4,
"VNM","FDIRESTR","DISTRIB","RESTR","A","2006",0.25,
"VNM","FDIRESTR","DISTRIB","RESTR","A","2010",0.308,
"VNM","FDIRESTR","DISTRIB","RESTR","A","2011",0.308,
"VNM","FDIRESTR","DISTRIB","RESTR","A","2012",0.308,
"VNM","FDIRESTR","DISTRIB","RESTR","A","2013",0.305,
"VNM","FDIRESTR","DISTRIB","RESTR","A","2014",0.305,
"VNM","FDIRESTR","DISTRIB","RESTR","A","2015",0.155,
"VNM","FDIRESTR","DISTRIB","RESTR","A","2016",0.155,
"VNM","FDIRESTR","DISTRIB","RESTR","A","2017",0.155,
"VNM","FDIRESTR","DISTRIB","RESTR","A","2018",0.126,
"VNM","FDIRESTR","DISTRIB","RESTR","A","2019",0.126,
"ALB","FDIRESTR","DISTRIB","RESTR","A","2017",0.03,
"ALB","FDIRESTR","DISTRIB","RESTR","A","2018",0.03,
"ALB","FDIRESTR","DISTRIB","RESTR","A","2019",0.03,
"BIH","FDIRESTR","DISTRIB","RESTR","A","2017",0.03,
"BIH","FDIRESTR","DISTRIB","RESTR","A","2018",0.03,
"BIH","FDIRESTR","DISTRIB","RESTR","A","2019",0.03,
"MKD","FDIRESTR","DISTRIB","RESTR","A","2017",0.014,
"MKD","FDIRESTR","DISTRIB","RESTR","A","2018",0.014,
"MKD","FDIRESTR","DISTRIB","RESTR","A","2019",0.014,
"SRB","FDIRESTR","DISTRIB","RESTR","A","2017",0.03,
"SRB","FDIRESTR","DISTRIB","RESTR","A","2018",0.03,
"SRB","FDIRESTR","DISTRIB","RESTR","A","2019",0.03,
"MNE","FDIRESTR","DISTRIB","RESTR","A","2017",0,
"MNE","FDIRESTR","DISTRIB","RESTR","A","2018",0,
"MNE","FDIRESTR","DISTRIB","RESTR","A","2019",0,
"HRV","FDIRESTR","DISTRIB","RESTR","A","2018",0.014,
"HRV","FDIRESTR","DISTRIB","RESTR","A","2019",0.014,
"ARM","FDIRESTR","DISTRIB","RESTR","A","2018",0,
"ARM","FDIRESTR","DISTRIB","RESTR","A","2019",0,
"DZA","FDIRESTR","DISTRIB","RESTR","A","2019",0.575,
"AZE","FDIRESTR","DISTRIB","RESTR","A","2019",0.01,
"BLR","FDIRESTR","DISTRIB","RESTR","A","2019",0.015,
"BRN","FDIRESTR","DISTRIB","RESTR","A","2018",0,
"BRN","FDIRESTR","DISTRIB","RESTR","A","2019",0,
"GEO","FDIRESTR","DISTRIB","RESTR","A","2019",0,
"LBN","FDIRESTR","DISTRIB","RESTR","A","2019",0.26,
"LBY","FDIRESTR","DISTRIB","RESTR","A","2019",1,
"MDA","FDIRESTR","DISTRIB","RESTR","A","2019",0.05,
"PSE","FDIRESTR","DISTRIB","RESTR","A","2019",0.5,
"SGP","FDIRESTR","DISTRIB","RESTR","A","2018",0,
"SGP","FDIRESTR","DISTRIB","RESTR","A","2019",0.013,
"TJK","FDIRESTR","DISTRIB","RESTR","A","2019",0.03,
"THA","FDIRESTR","DISTRIB","RESTR","A","2003",0.098,
"THA","FDIRESTR","DISTRIB","RESTR","A","2006",0.098,
"THA","FDIRESTR","DISTRIB","RESTR","A","2010",0.098,
"THA","FDIRESTR","DISTRIB","RESTR","A","2011",0.098,
"THA","FDIRESTR","DISTRIB","RESTR","A","2012",0.098,
"THA","FDIRESTR","DISTRIB","RESTR","A","2013",0.098,
"THA","FDIRESTR","DISTRIB","RESTR","A","2014",0.098,
"THA","FDIRESTR","DISTRIB","RESTR","A","2015",0.098,
"THA","FDIRESTR","DISTRIB","RESTR","A","2016",0.098,
"THA","FDIRESTR","DISTRIB","RESTR","A","2017",0.073,
"THA","FDIRESTR","DISTRIB","RESTR","A","2018",0.073,
"THA","FDIRESTR","DISTRIB","RESTR","A","2019",0.073,
"URY","FDIRESTR","DISTRIB","RESTR","A","2019",0,
"UZB","FDIRESTR","DISTRIB","RESTR","A","2019",0.024,
