Classification,Year,Period,Period Desc.,Aggregate Level,Is Leaf Code,Trade Flow Code,Trade Flow,Reporter Code,Reporter,Reporter ISO,Partner Code,Partner,Partner ISO,2nd Partner Code,2nd Partner,2nd Partner ISO,Customs Proc. Code,Customs,Mode of Transport Code,Mode of Transport,Commodity Code,Commodity,Qty Unit Code,Qty Unit,Qty,Alt Qty Unit Code,Alt Qty Unit,Alt Qty,Netweight (kg),Gross weight (kg),Trade Value (US$),CIF Trade Value (US$),FOB Trade Value (US$),Flag
S3,2019,2019,2019,2,0,2,Export,28,Antigua and Barbuda,ATG,0,World,WLD,,,,,,,,68,NON-FERROUS METALS,1,No Quantity,0,,,,0,,5,,,0
S3,2019,2019,2019,2,0,2,Export,31,Azerbaijan,AZE,0,World,WLD,,,,,,,,68,NON-FERROUS METALS,1,No Quantity,0,,,,,,160169039,,,4
S3,2019,2019,2019,2,0,2,Export,32,Argentina,ARG,0,World,WLD,,,,,,,,68,NON-FERROUS METALS,1,No Quantity,0,,,,0,,248707386,,,0
S3,2019,2019,2019,2,0,2,Export,36,Australia,AUS,0,World,WLD,,,,,,,,68,NON-FERROUS METALS,1,No Quantity,0,,,,0,,7339076374,,,4
S3,2019,2019,2019,2,0,2,Export,40,Austria,AUT,0,World,WLD,,,,,,,,68,NON-FERROUS METALS,1,No Quantity,0,,,,0,,3823848784,,,4
S3,2019,2019,2019,2,0,2,Export,51,Armenia,ARM,0,World,WLD,,,,,,,,68,NON-FERROUS METALS,1,No Quantity,0,,,,0,,98793764,,,0
S3,2019,2019,2019,2,0,2,Export,56,Belgium,BEL,0,World,WLD,,,,,,,,68,NON-FERROUS METALS,1,No Quantity,0,,,,0,,10534072281,,,4
S3,2019,2019,2019,2,0,2,Export,70,Bosnia Herzegovina,BIH,0,World,WLD,,,,,,,,68,NON-FERROUS METALS,1,No Quantity,0,,,,0,,208334343,,,0
S3,2019,2019,2019,2,0,2,Export,72,Botswana,BWA,0,World,WLD,,,,,,,,68,NON-FERROUS METALS,1,No Quantity,0,,,,0,,670874,,,4
S3,2019,2019,2019,2,0,2,Export,76,Brazil,BRA,0,World,WLD,,,,,,,,68,NON-FERROUS METALS,1,No Quantity,0,,,,0,,1936723814,,,4
S3,2019,2019,2019,2,0,2,Export,84,Belize,BLZ,0,World,WLD,,,,,,,,68,NON-FERROUS METALS,1,No Quantity,0,,,,0,,583,,,0
S3,2019,2019,2019,2,0,2,Export,96,Brunei Darussalam,BRN,0,World,WLD,,,,,,,,68,NON-FERROUS METALS,1,No Quantity,0,,,,,,1532296,,,4
S3,2019,2019,2019,2,0,2,Export,100,Bulgaria,BGR,0,World,WLD,,,,,,,,68,NON-FERROUS METALS,1,No Quantity,0,,,,,,3023753636,,,4
S3,2019,2019,2019,2,0,2,Export,104,Myanmar,MMR,0,World,WLD,,,,,,,,68,NON-FERROUS METALS,1,No Quantity,0,,,,0,,835544680,,,4
S3,2019,2019,2019,2,0,2,Export,124,Canada,CAN,0,World,WLD,,,,,,,,68,NON-FERROUS METALS,1,No Quantity,0,,,,,,14378471630,,,4
S3,2019,2019,2019,2,0,2,Export,152,Chile,CHL,0,World,WLD,,,,,,,,68,NON-FERROUS METALS,1,No Quantity,0,,,,0,,15291584712,,,4
S3,2019,2019,2019,2,0,2,Export,170,Colombia,COL,0,World,WLD,,,,,,,,68,NON-FERROUS METALS,1,No Quantity,0,,,,0,,56243120,,,4
S3,2019,2019,2019,2,0,2,Export,174,Comoros,COM,0,World,WLD,,,,,,,,68,NON-FERROUS METALS,1,No Quantity,0,,,,0,,335,,,0
S3,2019,2019,2019,2,0,2,Export,178,Congo,COG,0,World,WLD,,,,,,,,68,NON-FERROUS METALS,1,No Quantity,0,,,,0,,84246341,,,0
S3,2019,2019,2019,2,0,2,Export,191,Croatia,HRV,0,World,WLD,,,,,,,,68,NON-FERROUS METALS,1,No Quantity,0,,,,0,,378136270,,,4
S3,2019,2019,2019,2,0,2,Export,196,Cyprus,CYP,0,World,WLD,,,,,,,,68,NON-FERROUS METALS,1,No Quantity,0,,,,0,,7605886,,,0
S3,2019,2019,2019,2,0,2,Export,204,Benin,BEN,0,World,WLD,,,,,,,,68,NON-FERROUS METALS,1,No Quantity,0,,,,0,,971348,,,0
S3,2019,2019,2019,2,0,2,Export,208,Denmark,DNK,0,World,WLD,,,,,,,,68,NON-FERROUS METALS,1,No Quantity,0,,,,0,,593090440,,,4
S3,2019,2019,2019,2,0,2,Export,222,El Salvador,SLV,0,World,WLD,,,,,,,,68,NON-FERROUS METALS,1,No Quantity,0,,,,0,,33372873,,,0
S3,2019,2019,2019,2,0,2,Export,233,Estonia,EST,0,World,WLD,,,,,,,,68,NON-FERROUS METALS,1,No Quantity,0,,,,,,146665003,,,4
S3,2019,2019,2019,2,0,2,Export,246,Finland,FIN,0,World,WLD,,,,,,,,68,NON-FERROUS METALS,1,No Quantity,0,,,,0,,2536375163,,,4
S3,2019,2019,2019,2,0,2,Export,251,France,FRA,0,World,WLD,,,,,,,,68,NON-FERROUS METALS,1,No Quantity,0,,,,0,,6168898253,,,4
S3,2019,2019,2019,2,0,2,Export,268,Georgia,GEO,0,World,WLD,,,,,,,,68,NON-FERROUS METALS,1,No Quantity,0,,,,0,,22652805,,,0
S3,2019,2019,2019,2,0,2,Export,270,Gambia,GMB,0,World,WLD,,,,,,,,68,NON-FERROUS METALS,1,No Quantity,0,,,,0,,253,,,0
S3,2019,2019,2019,2,0,2,Export,276,Germany,DEU,0,World,WLD,,,,,,,,68,NON-FERROUS METALS,1,No Quantity,0,,,,0,,27533918411,,,4
S3,2019,2019,2019,2,0,2,Export,288,Ghana,GHA,0,World,WLD,,,,,,,,68,NON-FERROUS METALS,1,No Quantity,0,,,,,,84730251,,,4
S3,2019,2019,2019,2,0,2,Export,300,Greece,GRC,0,World,WLD,,,,,,,,68,NON-FERROUS METALS,1,No Quantity,0,,,,0,,2413606303,,,4
S3,2019,2019,2019,2,0,2,Export,320,Guatemala,GTM,0,World,WLD,,,,,,,,68,NON-FERROUS METALS,1,No Quantity,0,,,,0,,8437697,,,4
S3,2019,2019,2019,2,0,2,Export,344,"China, Hong Kong SAR",HKG,0,World,WLD,,,,,,,,68,NON-FERROUS METALS,1,No Quantity,0,,,,0,,4128759919,,,4
S3,2019,2019,2019,2,0,2,Export,348,Hungary,HUN,0,World,WLD,,,,,,,,68,NON-FERROUS METALS,1,No Quantity,0,,,,0,,903762839,,,4
S3,2019,2019,2019,2,0,2,Export,352,Iceland,ISL,0,World,WLD,,,,,,,,68,NON-FERROUS METALS,1,No Quantity,0,,,,0,,1796339412,,,4
S3,2019,2019,2019,2,0,2,Export,360,Indonesia,IDN,0,World,WLD,,,,,,,,68,NON-FERROUS METALS,1,No Quantity,0,,,,,,3467278317,,,4
S3,2019,2019,2019,2,0,2,Export,372,Ireland,IRL,0,World,WLD,,,,,,,,68,NON-FERROUS METALS,1,No Quantity,0,,,,,,152394098,,,4
S3,2019,2019,2019,2,0,2,Export,376,Israel,ISR,0,World,WLD,,,,,,,,68,NON-FERROUS METALS,1,No Quantity,0,,,,0,,214413000,,,4
S3,2019,2019,2019,2,0,2,Export,381,Italy,ITA,0,World,WLD,,,,,,,,68,NON-FERROUS METALS,1,No Quantity,0,,,,0,,9784240218,,,4
S3,2019,2019,2019,2,0,2,Export,384,C么te d'Ivoire,CIV,0,World,WLD,,,,,,,,68,NON-FERROUS METALS,1,No Quantity,0,,,,0,,1195496,,,0
S3,2019,2019,2019,2,0,2,Export,388,Jamaica,JAM,0,World,WLD,,,,,,,,68,NON-FERROUS METALS,1,No Quantity,0,,,,0,,181189,,,0
S3,2019,2019,2019,2,0,2,Export,392,Japan,JPN,0,World,WLD,,,,,,,,68,NON-FERROUS METALS,1,No Quantity,0,,,,,,12124071871,,,4
S3,2019,2019,2019,2,0,2,Export,398,Kazakhstan,KAZ,0,World,WLD,,,,,,,,68,NON-FERROUS METALS,1,No Quantity,0,,,,0,,4272507602,,,4
S3,2019,2019,2019,2,0,2,Export,400,Jordan,JOR,0,World,WLD,,,,,,,,68,NON-FERROUS METALS,1,No Quantity,0,,,,0,,42426556,,,0
S3,2019,2019,2019,2,0,2,Export,410,Rep. of Korea,KOR,0,World,WLD,,,,,,,,68,NON-FERROUS METALS,1,No Quantity,0,,,,0,,10962874582,,,4
S3,2019,2019,2019,2,0,2,Export,418,Lao People's Dem. Rep.,LAO,0,World,WLD,,,,,,,,68,NON-FERROUS METALS,1,No Quantity,0,,,,0,,442081208,,,4
S3,2019,2019,2019,2,0,2,Export,428,Latvia,LVA,0,World,WLD,,,,,,,,68,NON-FERROUS METALS,1,No Quantity,0,,,,0,,56552980,,,4
S3,2019,2019,2019,2,0,2,Export,440,Lithuania,LTU,0,World,WLD,,,,,,,,68,NON-FERROUS METALS,1,No Quantity,0,,,,,,73502636,,,4
S3,2019,2019,2019,2,0,2,Export,450,Madagascar,MDG,0,World,WLD,,,,,,,,68,NON-FERROUS METALS,1,No Quantity,0,,,,0,,553965034,,,0
S3,2019,2019,2019,2,0,2,Export,458,Malaysia,MYS,0,World,WLD,,,,,,,,68,NON-FERROUS METALS,1,No Quantity,0,,,,0,,6852430787,,,4
S3,2019,2019,2019,2,0,2,Export,470,Malta,MLT,0,World,WLD,,,,,,,,68,NON-FERROUS METALS,1,No Quantity,0,,,,0,,536853,,,4
S3,2019,2019,2019,2,0,2,Export,480,Mauritius,MUS,0,World,WLD,,,,,,,,68,NON-FERROUS METALS,1,No Quantity,0,,,,0,,13625337,,,0
S3,2019,2019,2019,2,0,2,Export,484,Mexico,MEX,0,World,WLD,,,,,,,,68,NON-FERROUS METALS,1,No Quantity,0,,,,0,,3701398353,,,4
S3,2019,2019,2019,2,0,2,Export,496,Mongolia,MNG,0,World,WLD,,,,,,,,68,NON-FERROUS METALS,1,No Quantity,0,,,,0,,70086744,,,0
S3,2019,2019,2019,2,0,2,Export,498,Rep. of Moldova,MDA,0,World,WLD,,,,,,,,68,NON-FERROUS METALS,1,No Quantity,0,,,,,,1652104,,,4
S3,2019,2019,2019,2,0,2,Export,504,Morocco,MAR,0,World,WLD,,,,,,,,68,NON-FERROUS METALS,1,No Quantity,0,,,,0,,225542594,,,0
S3,2019,2019,2019,2,0,2,Export,516,Namibia,NAM,0,World,WLD,,,,,,,,68,NON-FERROUS METALS,1,No Quantity,0,,,,,,1653533801,,,4
S3,2019,2019,2019,2,0,2,Export,528,Netherlands,NLD,0,World,WLD,,,,,,,,68,NON-FERROUS METALS,1,No Quantity,0,,,,0,,6450390602,,,4
S3,2019,2019,2019,2,0,2,Export,554,New Zealand,NZL,0,World,WLD,,,,,,,,68,NON-FERROUS METALS,1,No Quantity,0,,,,0,,708015648,,,4
S3,2019,2019,2019,2,0,2,Export,579,Norway,NOR,0,World,WLD,,,,,,,,68,NON-FERROUS METALS,1,No Quantity,0,,,,0,,5881653423,,,4
S3,2019,2019,2019,2,0,2,Export,586,Pakistan,PAK,0,World,WLD,,,,,,,,68,NON-FERROUS METALS,1,No Quantity,0,,,,0,,341159871,,,0
S3,2019,2019,2019,2,0,2,Export,604,Peru,PER,0,World,WLD,,,,,,,,68,NON-FERROUS METALS,1,No Quantity,0,,,,0,,3560487288,,,4
S3,2019,2019,2019,2,0,2,Export,608,Philippines,PHL,0,World,WLD,,,,,,,,68,NON-FERROUS METALS,1,No Quantity,0,,,,0,,1557664113,,,4
S3,2019,2019,2019,2,0,2,Export,616,Poland,POL,0,World,WLD,,,,,,,,68,NON-FERROUS METALS,1,No Quantity,0,,,,0,,5987401509,,,4
S3,2019,2019,2019,2,0,2,Export,620,Portugal,PRT,0,World,WLD,,,,,,,,68,NON-FERROUS METALS,1,No Quantity,0,,,,0,,311084132,,,4
S3,2019,2019,2019,2,0,2,Export,634,Qatar,QAT,0,World,WLD,,,,,,,,68,NON-FERROUS METALS,1,No Quantity,0,,,,0,,1348403948,,,0
S3,2019,2019,2019,2,0,2,Export,642,Romania,ROU,0,World,WLD,,,,,,,,68,NON-FERROUS METALS,1,No Quantity,0,,,,,,1003886299,,,4
S3,2019,2019,2019,2,0,2,Export,643,Russian Federation,RUS,0,World,WLD,,,,,,,,68,NON-FERROUS METALS,1,No Quantity,0,,,,0,,18665516398,,,4
S3,2019,2019,2019,2,0,2,Export,646,Rwanda,RWA,0,World,WLD,,,,,,,,68,NON-FERROUS METALS,1,No Quantity,0,,,,,,6398091,,,4
S3,2019,2019,2019,2,0,2,Export,686,Senegal,SEN,0,World,WLD,,,,,,,,68,NON-FERROUS METALS,1,No Quantity,0,,,,0,,16096023,,,0
S3,2019,2019,2019,2,0,2,Export,688,Serbia,SRB,0,World,WLD,,,,,,,,68,NON-FERROUS METALS,1,No Quantity,0,,,,,,903080559,,,4
S3,2019,2019,2019,2,0,2,Export,690,Seychelles,SYC,0,World,WLD,,,,,,,,68,NON-FERROUS METALS,1,No Quantity,0,,,,0,,116543,,,0
S3,2019,2019,2019,2,0,2,Export,699,India,IND,0,World,WLD,,,,,,,,68,NON-FERROUS METALS,1,No Quantity,0,,,,0,,5881514171,,,4
S3,2019,2019,2019,2,0,2,Export,702,Singapore,SGP,0,World,WLD,,,,,,,,68,NON-FERROUS METALS,1,No Quantity,0,,,,,,1902195529,,,4
S3,2019,2019,2019,2,0,2,Export,703,Slovakia,SVK,0,World,WLD,,,,,,,,68,NON-FERROUS METALS,1,No Quantity,0,,,,,,1201740761,,,4
S3,2019,2019,2019,2,0,2,Export,704,Viet Nam,VNM,0,World,WLD,,,,,,,,68,NON-FERROUS METALS,1,No Quantity,0,,,,0,,1806587481,,,4
S3,2019,2019,2019,2,0,2,Export,705,Slovenia,SVN,0,World,WLD,,,,,,,,68,NON-FERROUS METALS,1,No Quantity,0,,,,0,,1034338948,,,0
S3,2019,2019,2019,2,0,2,Export,710,South Africa,ZAF,0,World,WLD,,,,,,,,68,NON-FERROUS METALS,1,No Quantity,0,,,,0,,10882792448,,,4
S3,2019,2019,2019,2,0,2,Export,716,Zimbabwe,ZWE,0,World,WLD,,,,,,,,68,NON-FERROUS METALS,1,No Quantity,0,,,,0,,62526946,,,0
S3,2019,2019,2019,2,0,2,Export,724,Spain,ESP,0,World,WLD,,,,,,,,68,NON-FERROUS METALS,1,No Quantity,0,,,,,,6906298017,,,4
S3,2019,2019,2019,2,0,2,Export,748,Eswatini,SWZ,0,World,WLD,,,,,,,,68,NON-FERROUS METALS,1,No Quantity,0,,,,0,,231996,,,0
S3,2019,2019,2019,2,0,2,Export,752,Sweden,SWE,0,World,WLD,,,,,,,,68,NON-FERROUS METALS,1,No Quantity,0,,,,,,2721269043,,,4
S3,2019,2019,2019,2,0,2,Export,757,Switzerland,CHE,0,World,WLD,,,,,,,,68,NON-FERROUS METALS,1,No Quantity,0,,,,0,,4651839301,,,4
S3,2019,2019,2019,2,0,2,Export,764,Thailand,THA,0,World,WLD,,,,,,,,68,NON-FERROUS METALS,1,No Quantity,0,,,,,,2478613405,,,4
S3,2019,2019,2019,2,0,2,Export,768,Togo,TGO,0,World,WLD,,,,,,,,68,NON-FERROUS METALS,1,No Quantity,0,,,,0,,1365,,,0
S3,2019,2019,2019,2,0,2,Export,788,Tunisia,TUN,0,World,WLD,,,,,,,,68,NON-FERROUS METALS,1,No Quantity,0,,,,0,,69105922,,,0
S3,2019,2019,2019,2,0,2,Export,792,Turkey,TUR,0,World,WLD,,,,,,,,68,NON-FERROUS METALS,1,No Quantity,0,,,,0,,3279498535,,,4
S3,2019,2019,2019,2,0,2,Export,807,North Macedonia,MKD,0,World,WLD,,,,,,,,68,NON-FERROUS METALS,1,No Quantity,0,,,,0,,8959651,,,4
S3,2019,2019,2019,2,0,2,Export,818,Egypt,EGY,0,World,WLD,,,,,,,,68,NON-FERROUS METALS,1,No Quantity,0,,,,0,,670717492,,,4
S3,2019,2019,2019,2,0,2,Export,826,United Kingdom,GBR,0,World,WLD,,,,,,,,68,NON-FERROUS METALS,1,No Quantity,0,,,,0,,12028241817,,,4
S3,2019,2019,2019,2,0,2,Export,842,USA,USA,0,World,WLD,,,,,,,,68,NON-FERROUS METALS,1,No Quantity,0,,,,0,,19042845029,,,4
S3,2019,2019,2019,2,0,2,Export,860,Uzbekistan,UZB,0,World,WLD,,,,,,,,68,NON-FERROUS METALS,1,No Quantity,0,,,,0,,1204524847,,,4
S3,2019,2019,2019,2,0,2,Export,887,Yemen,YEM,0,World,WLD,,,,,,,,68,NON-FERROUS METALS,1,No Quantity,0,,,,0,,15836,,,0
S3,2019,2019,2019,2,0,2,Export,894,Zambia,ZMB,0,World,WLD,,,,,,,,68,NON-FERROUS METALS,1,No Quantity,0,,,,0,,5062689339,,,4
S3,2019,2019,2019,2,0,2,Export,28,Antigua and Barbuda,ATG,0,World,WLD,,,,,,,,72,SPECIAL.INDUST.MACHINERY,1,No Quantity,0,,,,0,,106701,,,0
S3,2019,2019,2019,2,0,2,Export,31,Azerbaijan,AZE,0,World,WLD,,,,,,,,72,SPECIAL.INDUST.MACHINERY,1,No Quantity,0,,,,0,,20467627,,,0
S3,2019,2019,2019,2,0,2,Export,32,Argentina,ARG,0,World,WLD,,,,,,,,72,SPECIAL.INDUST.MACHINERY,1,No Quantity,0,,,,0,,89175633,,,0
S3,2019,2019,2019,2,0,2,Export,36,Australia,AUS,0,World,WLD,,,,,,,,72,SPECIAL.INDUST.MACHINERY,1,No Quantity,0,,,,,,1377545612,,,4
S3,2019,2019,2019,2,0,2,Export,40,Austria,AUT,0,World,WLD,,,,,,,,72,SPECIAL.INDUST.MACHINERY,1,No Quantity,0,,,,0,,9051196904,,,4
S3,2019,2019,2019,2,0,2,Export,51,Armenia,ARM,0,World,WLD,,,,,,,,72,SPECIAL.INDUST.MACHINERY,1,No Quantity,0,,,,0,,10101412,,,4
S3,2019,2019,2019,2,0,2,Export,56,Belgium,BEL,0,World,WLD,,,,,,,,72,SPECIAL.INDUST.MACHINERY,1,No Quantity,0,,,,0,,8659309433,,,4
S3,2019,2019,2019,2,0,2,Export,70,Bosnia Herzegovina,BIH,0,World,WLD,,,,,,,,72,SPECIAL.INDUST.MACHINERY,1,No Quantity,0,,,,0,,114997946,,,0
S3,2019,2019,2019,2,0,2,Export,72,Botswana,BWA,0,World,WLD,,,,,,,,72,SPECIAL.INDUST.MACHINERY,1,No Quantity,0,,,,0,,25436091,,,4
S3,2019,2019,2019,2,0,2,Export,76,Brazil,BRA,0,World,WLD,,,,,,,,72,SPECIAL.INDUST.MACHINERY,1,No Quantity,0,,,,0,,3961336050,,,4
S3,2019,2019,2019,2,0,2,Export,84,Belize,BLZ,0,World,WLD,,,,,,,,72,SPECIAL.INDUST.MACHINERY,1,No Quantity,0,,,,0,,689948,,,0
S3,2019,2019,2019,2,0,2,Export,96,Brunei Darussalam,BRN,0,World,WLD,,,,,,,,72,SPECIAL.INDUST.MACHINERY,1,No Quantity,0,,,,0,,40788197,,,4
S3,2019,2019,2019,2,0,2,Export,100,Bulgaria,BGR,0,World,WLD,,,,,,,,72,SPECIAL.INDUST.MACHINERY,1,No Quantity,0,,,,0,,766838713,,,4
S3,2019,2019,2019,2,0,2,Export,104,Myanmar,MMR,0,World,WLD,,,,,,,,72,SPECIAL.INDUST.MACHINERY,1,No Quantity,0,,,,0,,46126108,,,4
S3,2019,2019,2019,2,0,2,Export,124,Canada,CAN,0,World,WLD,,,,,,,,72,SPECIAL.INDUST.MACHINERY,1,No Quantity,0,,,,,,7397363090,,,4
S3,2019,2019,2019,2,0,2,Export,152,Chile,CHL,0,World,WLD,,,,,,,,72,SPECIAL.INDUST.MACHINERY,1,No Quantity,0,,,,,,269133936,,,4
S3,2019,2019,2019,2,0,2,Export,170,Colombia,COL,0,World,WLD,,,,,,,,72,SPECIAL.INDUST.MACHINERY,1,No Quantity,0,,,,,,85684948,,,4
S3,2019,2019,2019,2,0,2,Export,174,Comoros,COM,0,World,WLD,,,,,,,,72,SPECIAL.INDUST.MACHINERY,1,No Quantity,0,,,,0,,44891,,,0
S3,2019,2019,2019,2,0,2,Export,178,Congo,COG,0,World,WLD,,,,,,,,72,SPECIAL.INDUST.MACHINERY,1,No Quantity,0,,,,0,,32881750,,,0
S3,2019,2019,2019,2,0,2,Export,191,Croatia,HRV,0,World,WLD,,,,,,,,72,SPECIAL.INDUST.MACHINERY,1,No Quantity,0,,,,0,,494194953,,,4
S3,2019,2019,2019,2,0,2,Export,196,Cyprus,CYP,0,World,WLD,,,,,,,,72,SPECIAL.INDUST.MACHINERY,1,No Quantity,0,,,,0,,19675937,,,4
S3,2019,2019,2019,2,0,2,Export,204,Benin,BEN,0,World,WLD,,,,,,,,72,SPECIAL.INDUST.MACHINERY,1,No Quantity,0,,,,0,,4260459,,,0
S3,2019,2019,2019,2,0,2,Export,208,Denmark,DNK,0,World,WLD,,,,,,,,72,SPECIAL.INDUST.MACHINERY,1,No Quantity,0,,,,0,,3833906532,,,4
S3,2019,2019,2019,2,0,2,Export,222,El Salvador,SLV,0,World,WLD,,,,,,,,72,SPECIAL.INDUST.MACHINERY,1,No Quantity,0,,,,0,,11303242,,,0
S3,2019,2019,2019,2,0,2,Export,233,Estonia,EST,0,World,WLD,,,,,,,,72,SPECIAL.INDUST.MACHINERY,1,No Quantity,0,,,,0,,551705177,,,4
S3,2019,2019,2019,2,0,2,Export,246,Finland,FIN,0,World,WLD,,,,,,,,72,SPECIAL.INDUST.MACHINERY,1,No Quantity,0,,,,0,,5233505074,,,4
S3,2019,2019,2019,2,0,2,Export,251,France,FRA,0,World,WLD,,,,,,,,72,SPECIAL.INDUST.MACHINERY,1,No Quantity,0,,,,0,,12493129518,,,4
S3,2019,2019,2019,2,0,2,Export,268,Georgia,GEO,0,World,WLD,,,,,,,,72,SPECIAL.INDUST.MACHINERY,1,No Quantity,0,,,,0,,21048264,,,4
S3,2019,2019,2019,2,0,2,Export,270,Gambia,GMB,0,World,WLD,,,,,,,,72,SPECIAL.INDUST.MACHINERY,1,No Quantity,0,,,,0,,470307,,,0
S3,2019,2019,2019,2,0,2,Export,276,Germany,DEU,0,World,WLD,,,,,,,,72,SPECIAL.INDUST.MACHINERY,1,No Quantity,0,,,,0,,64438547670,,,4
S3,2019,2019,2019,2,0,2,Export,288,Ghana,GHA,0,World,WLD,,,,,,,,72,SPECIAL.INDUST.MACHINERY,1,No Quantity,0,,,,,,10563168,,,4
S3,2019,2019,2019,2,0,2,Export,300,Greece,GRC,0,World,WLD,,,,,,,,72,SPECIAL.INDUST.MACHINERY,1,No Quantity,0,,,,0,,203486184,,,4
S3,2019,2019,2019,2,0,2,Export,320,Guatemala,GTM,0,World,WLD,,,,,,,,72,SPECIAL.INDUST.MACHINERY,1,No Quantity,0,,,,0,,23398057,,,4
S3,2019,2019,2019,2,0,2,Export,344,"China, Hong Kong SAR",HKG,0,World,WLD,,,,,,,,72,SPECIAL.INDUST.MACHINERY,1,No Quantity,0,,,,,,5049167923,,,4
S3,2019,2019,2019,2,0,2,Export,348,Hungary,HUN,0,World,WLD,,,,,,,,72,SPECIAL.INDUST.MACHINERY,1,No Quantity,0,,,,0,,2019292341,,,4
S3,2019,2019,2019,2,0,2,Export,352,Iceland,ISL,0,World,WLD,,,,,,,,72,SPECIAL.INDUST.MACHINERY,1,No Quantity,0,,,,0,,68523446,,,4
S3,2019,2019,2019,2,0,2,Export,360,Indonesia,IDN,0,World,WLD,,,,,,,,72,SPECIAL.INDUST.MACHINERY,1,No Quantity,0,,,,,,1026856541,,,4
S3,2019,2019,2019,2,0,2,Export,372,Ireland,IRL,0,World,WLD,,,,,,,,72,SPECIAL.INDUST.MACHINERY,1,No Quantity,0,,,,0,,882154062,,,4
S3,2019,2019,2019,2,0,2,Export,376,Israel,ISR,0,World,WLD,,,,,,,,72,SPECIAL.INDUST.MACHINERY,1,No Quantity,0,,,,,,1840515000,,,4
S3,2019,2019,2019,2,0,2,Export,381,Italy,ITA,0,World,WLD,,,,,,,,72,SPECIAL.INDUST.MACHINERY,1,No Quantity,0,,,,0,,28091288757,,,4
S3,2019,2019,2019,2,0,2,Export,384,C么te d'Ivoire,CIV,0,World,WLD,,,,,,,,72,SPECIAL.INDUST.MACHINERY,1,No Quantity,0,,,,0,,35619341,,,0
S3,2019,2019,2019,2,0,2,Export,388,Jamaica,JAM,0,World,WLD,,,,,,,,72,SPECIAL.INDUST.MACHINERY,1,No Quantity,0,,,,0,,2911620,,,0
S3,2019,2019,2019,2,0,2,Export,392,Japan,JPN,0,World,WLD,,,,,,,,72,SPECIAL.INDUST.MACHINERY,1,No Quantity,0,,,,0,,53908170442,,,4
S3,2019,2019,2019,2,0,2,Export,398,Kazakhstan,KAZ,0,World,WLD,,,,,,,,72,SPECIAL.INDUST.MACHINERY,1,No Quantity,0,,,,0,,77891290,,,4
S3,2019,2019,2019,2,0,2,Export,400,Jordan,JOR,0,World,WLD,,,,,,,,72,SPECIAL.INDUST.MACHINERY,1,No Quantity,0,,,,0,,35405184,,,4
S3,2019,2019,2019,2,0,2,Export,410,Rep. of Korea,KOR,0,World,WLD,,,,,,,,72,SPECIAL.INDUST.MACHINERY,1,No Quantity,0,,,,0,,23340251087,,,4
S3,2019,2019,2019,2,0,2,Export,418,Lao People's Dem. Rep.,LAO,0,World,WLD,,,,,,,,72,SPECIAL.INDUST.MACHINERY,1,No Quantity,0,,,,0,,12293432,,,4
S3,2019,2019,2019,2,0,2,Export,428,Latvia,LVA,0,World,WLD,,,,,,,,72,SPECIAL.INDUST.MACHINERY,1,No Quantity,0,,,,0,,179986318,,,4
S3,2019,2019,2019,2,0,2,Export,440,Lithuania,LTU,0,World,WLD,,,,,,,,72,SPECIAL.INDUST.MACHINERY,1,No Quantity,0,,,,0,,756585692,,,4
S3,2019,2019,2019,2,0,2,Export,446,"China, Macao SAR",MAC,0,World,WLD,,,,,,,,72,SPECIAL.INDUST.MACHINERY,1,No Quantity,0,,,,0,,4362305,,,0
S3,2019,2019,2019,2,0,2,Export,450,Madagascar,MDG,0,World,WLD,,,,,,,,72,SPECIAL.INDUST.MACHINERY,1,No Quantity,0,,,,0,,2680158,,,0
S3,2019,2019,2019,2,0,2,Export,458,Malaysia,MYS,0,World,WLD,,,,,,,,72,SPECIAL.INDUST.MACHINERY,1,No Quantity,0,,,,,,5278234613,,,4
S3,2019,2019,2019,2,0,2,Export,470,Malta,MLT,0,World,WLD,,,,,,,,72,SPECIAL.INDUST.MACHINERY,1,No Quantity,0,,,,0,,85582187,,,4
S3,2019,2019,2019,2,0,2,Export,480,Mauritius,MUS,0,World,WLD,,,,,,,,72,SPECIAL.INDUST.MACHINERY,1,No Quantity,0,,,,0,,6840474,,,4
S3,2019,2019,2019,2,0,2,Export,484,Mexico,MEX,0,World,WLD,,,,,,,,72,SPECIAL.INDUST.MACHINERY,1,No Quantity,0,,,,,,3973874779,,,4
S3,2019,2019,2019,2,0,2,Export,496,Mongolia,MNG,0,World,WLD,,,,,,,,72,SPECIAL.INDUST.MACHINERY,1,No Quantity,0,,,,0,,14977130,,,0
S3,2019,2019,2019,2,0,2,Export,498,Rep. of Moldova,MDA,0,World,WLD,,,,,,,,72,SPECIAL.INDUST.MACHINERY,1,No Quantity,0,,,,0,,13257738,,,4
S3,2019,2019,2019,2,0,2,Export,504,Morocco,MAR,0,World,WLD,,,,,,,,72,SPECIAL.INDUST.MACHINERY,1,No Quantity,0,,,,0,,48736320,,,0
S3,2019,2019,2019,2,0,2,Export,516,Namibia,NAM,0,World,WLD,,,,,,,,72,SPECIAL.INDUST.MACHINERY,1,No Quantity,0,,,,,,29312450,,,4
S3,2019,2019,2019,2,0,2,Export,528,Netherlands,NLD,0,World,WLD,,,,,,,,72,SPECIAL.INDUST.MACHINERY,1,No Quantity,0,,,,0,,27979986076,,,4
S3,2019,2019,2019,2,0,2,Export,554,New Zealand,NZL,0,World,WLD,,,,,,,,72,SPECIAL.INDUST.MACHINERY,1,No Quantity,0,,,,,,458970942,,,4
S3,2019,2019,2019,2,0,2,Export,579,Norway,NOR,0,World,WLD,,,,,,,,72,SPECIAL.INDUST.MACHINERY,1,No Quantity,0,,,,0,,1402332961,,,4
S3,2019,2019,2019,2,0,2,Export,586,Pakistan,PAK,0,World,WLD,,,,,,,,72,SPECIAL.INDUST.MACHINERY,1,No Quantity,0,,,,0,,103288752,,,4
S3,2019,2019,2019,2,0,2,Export,604,Peru,PER,0,World,WLD,,,,,,,,72,SPECIAL.INDUST.MACHINERY,1,No Quantity,0,,,,0,,161195183,,,4
S3,2019,2019,2019,2,0,2,Export,608,Philippines,PHL,0,World,WLD,,,,,,,,72,SPECIAL.INDUST.MACHINERY,1,No Quantity,0,,,,,,332462942,,,4
S3,2019,2019,2019,2,0,2,Export,616,Poland,POL,0,World,WLD,,,,,,,,72,SPECIAL.INDUST.MACHINERY,1,No Quantity,0,,,,0,,4190388930,,,4
S3,2019,2019,2019,2,0,2,Export,620,Portugal,PRT,0,World,WLD,,,,,,,,72,SPECIAL.INDUST.MACHINERY,1,No Quantity,0,,,,,,727321958,,,4
S3,2019,2019,2019,2,0,2,Export,634,Qatar,QAT,0,World,WLD,,,,,,,,72,SPECIAL.INDUST.MACHINERY,1,No Quantity,0,,,,0,,131282178,,,0
S3,2019,2019,2019,2,0,2,Export,642,Romania,ROU,0,World,WLD,,,,,,,,72,SPECIAL.INDUST.MACHINERY,1,No Quantity,0,,,,0,,1064125421,,,4
S3,2019,2019,2019,2,0,2,Export,643,Russian Federation,RUS,0,World,WLD,,,,,,,,72,SPECIAL.INDUST.MACHINERY,1,No Quantity,0,,,,0,,1243740778,,,4
S3,2019,2019,2019,2,0,2,Export,646,Rwanda,RWA,0,World,WLD,,,,,,,,72,SPECIAL.INDUST.MACHINERY,1,No Quantity,0,,,,,,2575224,,,4
S3,2019,2019,2019,2,0,2,Export,678,Sao Tome and Principe,STP,0,World,WLD,,,,,,,,72,SPECIAL.INDUST.MACHINERY,1,No Quantity,0,,,,0,,649,,,0
S3,2019,2019,2019,2,0,2,Export,686,Senegal,SEN,0,World,WLD,,,,,,,,72,SPECIAL.INDUST.MACHINERY,1,No Quantity,0,,,,0,,21782256,,,4
S3,2019,2019,2019,2,0,2,Export,688,Serbia,SRB,0,World,WLD,,,,,,,,72,SPECIAL.INDUST.MACHINERY,1,No Quantity,0,,,,0,,252275496,,,4
S3,2019,2019,2019,2,0,2,Export,690,Seychelles,SYC,0,World,WLD,,,,,,,,72,SPECIAL.INDUST.MACHINERY,1,No Quantity,0,,,,0,,18959,,,0
S3,2019,2019,2019,2,0,2,Export,699,India,IND,0,World,WLD,,,,,,,,72,SPECIAL.INDUST.MACHINERY,1,No Quantity,0,,,,0,,5035922681,,,4
S3,2019,2019,2019,2,0,2,Export,702,Singapore,SGP,0,World,WLD,,,,,,,,72,SPECIAL.INDUST.MACHINERY,1,No Quantity,0,,,,,,15492093607,,,4
S3,2019,2019,2019,2,0,2,Export,703,Slovakia,SVK,0,World,WLD,,,,,,,,72,SPECIAL.INDUST.MACHINERY,1,No Quantity,0,,,,0,,1826399726,,,4
S3,2019,2019,2019,2,0,2,Export,704,Viet Nam,VNM,0,World,WLD,,,,,,,,72,SPECIAL.INDUST.MACHINERY,1,No Quantity,0,,,,0,,1977375026,,,4
S3,2019,2019,2019,2,0,2,Export,705,Slovenia,SVN,0,World,WLD,,,,,,,,72,SPECIAL.INDUST.MACHINERY,1,No Quantity,0,,,,0,,1156335644,,,0
S3,2019,2019,2019,2,0,2,Export,710,South Africa,ZAF,0,World,WLD,,,,,,,,72,SPECIAL.INDUST.MACHINERY,1,No Quantity,0,,,,0,,1351565345,,,4
S3,2019,2019,2019,2,0,2,Export,716,Zimbabwe,ZWE,0,World,WLD,,,,,,,,72,SPECIAL.INDUST.MACHINERY,1,No Quantity,0,,,,0,,8429567,,,4
S3,2019,2019,2019,2,0,2,Export,724,Spain,ESP,0,World,WLD,,,,,,,,72,SPECIAL.INDUST.MACHINERY,1,No Quantity,0,,,,0,,4338500483,,,4
S3,2019,2019,2019,2,0,2,Export,740,Suriname,SUR,0,World,WLD,,,,,,,,72,SPECIAL.INDUST.MACHINERY,1,No Quantity,0,,,,0,,2836035,,,0
S3,2019,2019,2019,2,0,2,Export,748,Eswatini,SWZ,0,World,WLD,,,,,,,,72,SPECIAL.INDUST.MACHINERY,1,No Quantity,0,,,,0,,4749474,,,4
S3,2019,2019,2019,2,0,2,Export,752,Sweden,SWE,0,World,WLD,,,,,,,,72,SPECIAL.INDUST.MACHINERY,1,No Quantity,0,,,,0,,5720071858,,,4
S3,2019,2019,2019,2,0,2,Export,757,Switzerland,CHE,0,World,WLD,,,,,,,,72,SPECIAL.INDUST.MACHINERY,1,No Quantity,0,,,,0,,6484004052,,,4
S3,2019,2019,2019,2,0,2,Export,764,Thailand,THA,0,World,WLD,,,,,,,,72,SPECIAL.INDUST.MACHINERY,1,No Quantity,0,,,,,,2538013025,,,4
S3,2019,2019,2019,2,0,2,Export,768,Togo,TGO,0,World,WLD,,,,,,,,72,SPECIAL.INDUST.MACHINERY,1,No Quantity,0,,,,0,,12926494,,,4
S3,2019,2019,2019,2,0,2,Export,788,Tunisia,TUN,0,World,WLD,,,,,,,,72,SPECIAL.INDUST.MACHINERY,1,No Quantity,0,,,,0,,156925237,,,0
S3,2019,2019,2019,2,0,2,Export,792,Turkey,TUR,0,World,WLD,,,,,,,,72,SPECIAL.INDUST.MACHINERY,1,No Quantity,0,,,,0,,4066664105,,,4
S3,2019,2019,2019,2,0,2,Export,807,North Macedonia,MKD,0,World,WLD,,,,,,,,72,SPECIAL.INDUST.MACHINERY,1,No Quantity,0,,,,0,,19408450,,,4
S3,2019,2019,2019,2,0,2,Export,818,Egypt,EGY,0,World,WLD,,,,,,,,72,SPECIAL.INDUST.MACHINERY,1,No Quantity,0,,,,,,12045968,,,4
S3,2019,2019,2019,2,0,2,Export,826,United Kingdom,GBR,0,World,WLD,,,,,,,,72,SPECIAL.INDUST.MACHINERY,1,No Quantity,0,,,,0,,11032124820,,,4
S3,2019,2019,2019,2,0,2,Export,842,USA,USA,0,World,WLD,,,,,,,,72,SPECIAL.INDUST.MACHINERY,1,No Quantity,0,,,,0,,52438114537,,,4
S3,2019,2019,2019,2,0,2,Export,860,Uzbekistan,UZB,0,World,WLD,,,,,,,,72,SPECIAL.INDUST.MACHINERY,1,No Quantity,0,,,,,,22035807,,,4
S3,2019,2019,2019,2,0,2,Export,894,Zambia,ZMB,0,World,WLD,,,,,,,,72,SPECIAL.INDUST.MACHINERY,1,No Quantity,0,,,,0,,65359393,,,4
S3,2019,2019,2019,2,0,2,Export,28,Antigua and Barbuda,ATG,0,World,WLD,,,,,,,,73,METALWORKING MACHINERY,1,No Quantity,0,,,,0,,19911,,,0
S3,2019,2019,2019,2,0,2,Export,31,Azerbaijan,AZE,0,World,WLD,,,,,,,,73,METALWORKING MACHINERY,1,No Quantity,0,,,,0,,543992,,,0
S3,2019,2019,2019,2,0,2,Export,32,Argentina,ARG,0,World,WLD,,,,,,,,73,METALWORKING MACHINERY,1,No Quantity,0,,,,0,,1420956,,,0
S3,2019,2019,2019,2,0,2,Export,36,Australia,AUS,0,World,WLD,,,,,,,,73,METALWORKING MACHINERY,1,No Quantity,0,,,,,,109391987,,,4
S3,2019,2019,2019,2,0,2,Export,40,Austria,AUT,0,World,WLD,,,,,,,,73,METALWORKING MACHINERY,1,No Quantity,0,,,,0,,1733617594,,,4
S3,2019,2019,2019,2,0,2,Export,51,Armenia,ARM,0,World,WLD,,,,,,,,73,METALWORKING MACHINERY,1,No Quantity,0,,,,0,,2254251,,,0
S3,2019,2019,2019,2,0,2,Export,56,Belgium,BEL,0,World,WLD,,,,,,,,73,METALWORKING MACHINERY,1,No Quantity,0,,,,0,,1669123146,,,4
S3,2019,2019,2019,2,0,2,Export,70,Bosnia Herzegovina,BIH,0,World,WLD,,,,,,,,73,METALWORKING MACHINERY,1,No Quantity,0,,,,0,,26356485,,,4
S3,2019,2019,2019,2,0,2,Export,72,Botswana,BWA,0,World,WLD,,,,,,,,73,METALWORKING MACHINERY,1,No Quantity,0,,,,0,,313208,,,4
S3,2019,2019,2019,2,0,2,Export,76,Brazil,BRA,0,World,WLD,,,,,,,,73,METALWORKING MACHINERY,1,No Quantity,0,,,,0,,236435427,,,4
S3,2019,2019,2019,2,0,2,Export,84,Belize,BLZ,0,World,WLD,,,,,,,,73,METALWORKING MACHINERY,1,No Quantity,0,,,,0,,29074,,,0
S3,2019,2019,2019,2,0,2,Export,96,Brunei Darussalam,BRN,0,World,WLD,,,,,,,,73,METALWORKING MACHINERY,1,No Quantity,0,,,,0,,2704225,,,4
S3,2019,2019,2019,2,0,2,Export,100,Bulgaria,BGR,0,World,WLD,,,,,,,,73,METALWORKING MACHINERY,1,No Quantity,0,,,,0,,92422819,,,4
S3,2019,2019,2019,2,0,2,Export,104,Myanmar,MMR,0,World,WLD,,,,,,,,73,METALWORKING MACHINERY,1,No Quantity,0,,,,,,1729574,,,4
S3,2019,2019,2019,2,0,2,Export,124,Canada,CAN,0,World,WLD,,,,,,,,73,METALWORKING MACHINERY,1,No Quantity,0,,,,,,802287031,,,4
S3,2019,2019,2019,2,0,2,Export,152,Chile,CHL,0,World,WLD,,,,,,,,73,METALWORKING MACHINERY,1,No Quantity,0,,,,,,6674247,,,4
S3,2019,2019,2019,2,0,2,Export,170,Colombia,COL,0,World,WLD,,,,,,,,73,METALWORKING MACHINERY,1,No Quantity,0,,,,0,,2838115,,,4
S3,2019,2019,2019,2,0,2,Export,174,Comoros,COM,0,World,WLD,,,,,,,,73,METALWORKING MACHINERY,1,No Quantity,0,,,,0,,23596,,,0
S3,2019,2019,2019,2,0,2,Export,178,Congo,COG,0,World,WLD,,,,,,,,73,METALWORKING MACHINERY,1,No Quantity,0,,,,0,,4388224,,,0
S3,2019,2019,2019,2,0,2,Export,191,Croatia,HRV,0,World,WLD,,,,,,,,73,METALWORKING MACHINERY,1,No Quantity,0,,,,0,,60159143,,,4
S3,2019,2019,2019,2,0,2,Export,196,Cyprus,CYP,0,World,WLD,,,,,,,,73,METALWORKING MACHINERY,1,No Quantity,0,,,,0,,424448,,,0
S3,2019,2019,2019,2,0,2,Export,204,Benin,BEN,0,World,WLD,,,,,,,,73,METALWORKING MACHINERY,1,No Quantity,0,,,,0,,237948,,,0
S3,2019,2019,2019,2,0,2,Export,208,Denmark,DNK,0,World,WLD,,,,,,,,73,METALWORKING MACHINERY,1,No Quantity,0,,,,0,,196868627,,,4
S3,2019,2019,2019,2,0,2,Export,222,El Salvador,SLV,0,World,WLD,,,,,,,,73,METALWORKING MACHINERY,1,No Quantity,0,,,,0,,1963389,,,0
S3,2019,2019,2019,2,0,2,Export,233,Estonia,EST,0,World,WLD,,,,,,,,73,METALWORKING MACHINERY,1,No Quantity,0,,,,0,,23039943,,,4
S3,2019,2019,2019,2,0,2,Export,246,Finland,FIN,0,World,WLD,,,,,,,,73,METALWORKING MACHINERY,1,No Quantity,0,,,,0,,272437111,,,4
S3,2019,2019,2019,2,0,2,Export,251,France,FRA,0,World,WLD,,,,,,,,73,METALWORKING MACHINERY,1,No Quantity,0,,,,0,,1305761350,,,4
S3,2019,2019,2019,2,0,2,Export,268,Georgia,GEO,0,World,WLD,,,,,,,,73,METALWORKING MACHINERY,1,No Quantity,0,,,,0,,771285,,,0
S3,2019,2019,2019,2,0,2,Export,276,Germany,DEU,0,World,WLD,,,,,,,,73,METALWORKING MACHINERY,1,No Quantity,0,,,,0,,14682609774,,,4
S3,2019,2019,2019,2,0,2,Export,288,Ghana,GHA,0,World,WLD,,,,,,,,73,METALWORKING MACHINERY,1,No Quantity,0,,,,0,,498425,,,0
S3,2019,2019,2019,2,0,2,Export,300,Greece,GRC,0,World,WLD,,,,,,,,73,METALWORKING MACHINERY,1,No Quantity,0,,,,0,,32463037,,,4
S3,2019,2019,2019,2,0,2,Export,320,Guatemala,GTM,0,World,WLD,,,,,,,,73,METALWORKING MACHINERY,1,No Quantity,0,,,,0,,1761336,,,4
S3,2019,2019,2019,2,0,2,Export,344,"China, Hong Kong SAR",HKG,0,World,WLD,,,,,,,,73,METALWORKING MACHINERY,1,No Quantity,0,,,,,,435275257,,,4
S3,2019,2019,2019,2,0,2,Export,348,Hungary,HUN,0,World,WLD,,,,,,,,73,METALWORKING MACHINERY,1,No Quantity,0,,,,0,,174080993,,,4
S3,2019,2019,2019,2,0,2,Export,352,Iceland,ISL,0,World,WLD,,,,,,,,73,METALWORKING MACHINERY,1,No Quantity,0,,,,0,,201459,,,4
S3,2019,2019,2019,2,0,2,Export,360,Indonesia,IDN,0,World,WLD,,,,,,,,73,METALWORKING MACHINERY,1,No Quantity,0,,,,,,36001505,,,4
S3,2019,2019,2019,2,0,2,Export,372,Ireland,IRL,0,World,WLD,,,,,,,,73,METALWORKING MACHINERY,1,No Quantity,0,,,,0,,29065369,,,4
S3,2019,2019,2019,2,0,2,Export,376,Israel,ISR,0,World,WLD,,,,,,,,73,METALWORKING MACHINERY,1,No Quantity,0,,,,,,248633000,,,4
S3,2019,2019,2019,2,0,2,Export,381,Italy,ITA,0,World,WLD,,,,,,,,73,METALWORKING MACHINERY,1,No Quantity,0,,,,0,,6543452166,,,4
S3,2019,2019,2019,2,0,2,Export,384,C么te d'Ivoire,CIV,0,World,WLD,,,,,,,,73,METALWORKING MACHINERY,1,No Quantity,0,,,,0,,275223,,,0
S3,2019,2019,2019,2,0,2,Export,388,Jamaica,JAM,0,World,WLD,,,,,,,,73,METALWORKING MACHINERY,1,No Quantity,0,,,,0,,238812,,,0
S3,2019,2019,2019,2,0,2,Export,392,Japan,JPN,0,World,WLD,,,,,,,,73,METALWORKING MACHINERY,1,No Quantity,0,,,,0,,10682955409,,,4
S3,2019,2019,2019,2,0,2,Export,398,Kazakhstan,KAZ,0,World,WLD,,,,,,,,73,METALWORKING MACHINERY,1,No Quantity,0,,,,0,,6889264,,,4
S3,2019,2019,2019,2,0,2,Export,400,Jordan,JOR,0,World,WLD,,,,,,,,73,METALWORKING MACHINERY,1,No Quantity,0,,,,0,,1592524,,,0
S3,2019,2019,2019,2,0,2,Export,410,Rep. of Korea,KOR,0,World,WLD,,,,,,,,73,METALWORKING MACHINERY,1,No Quantity,0,,,,0,,3400981611,,,4
S3,2019,2019,2019,2,0,2,Export,418,Lao People's Dem. Rep.,LAO,0,World,WLD,,,,,,,,73,METALWORKING MACHINERY,1,No Quantity,0,,,,0,,1042261,,,4
S3,2019,2019,2019,2,0,2,Export,428,Latvia,LVA,0,World,WLD,,,,,,,,73,METALWORKING MACHINERY,1,No Quantity,0,,,,0,,30248550,,,4
S3,2019,2019,2019,2,0,2,Export,440,Lithuania,LTU,0,World,WLD,,,,,,,,73,METALWORKING MACHINERY,1,No Quantity,0,,,,0,,81888218,,,4
S3,2019,2019,2019,2,0,2,Export,446,"China, Macao SAR",MAC,0,World,WLD,,,,,,,,73,METALWORKING MACHINERY,1,No Quantity,0,,,,0,,2464,,,0
S3,2019,2019,2019,2,0,2,Export,450,Madagascar,MDG,0,World,WLD,,,,,,,,73,METALWORKING MACHINERY,1,No Quantity,0,,,,0,,33828,,,0
S3,2019,2019,2019,2,0,2,Export,458,Malaysia,MYS,0,World,WLD,,,,,,,,73,METALWORKING MACHINERY,1,No Quantity,0,,,,,,329368612,,,4
S3,2019,2019,2019,2,0,2,Export,470,Malta,MLT,0,World,WLD,,,,,,,,73,METALWORKING MACHINERY,1,No Quantity,0,,,,0,,706602,,,4
S3,2019,2019,2019,2,0,2,Export,480,Mauritius,MUS,0,World,WLD,,,,,,,,73,METALWORKING MACHINERY,1,No Quantity,0,,,,0,,190934,,,4
S3,2019,2019,2019,2,0,2,Export,484,Mexico,MEX,0,World,WLD,,,,,,,,73,METALWORKING MACHINERY,1,No Quantity,0,,,,,,407664911,,,4
S3,2019,2019,2019,2,0,2,Export,496,Mongolia,MNG,0,World,WLD,,,,,,,,73,METALWORKING MACHINERY,1,No Quantity,0,,,,0,,178923,,,0
S3,2019,2019,2019,2,0,2,Export,498,Rep. of Moldova,MDA,0,World,WLD,,,,,,,,73,METALWORKING MACHINERY,1,No Quantity,0,,,,0,,3595005,,,4
S3,2019,2019,2019,2,0,2,Export,504,Morocco,MAR,0,World,WLD,,,,,,,,73,METALWORKING MACHINERY,1,No Quantity,0,,,,0,,8559490,,,0
S3,2019,2019,2019,2,0,2,Export,516,Namibia,NAM,0,World,WLD,,,,,,,,73,METALWORKING MACHINERY,1,No Quantity,0,,,,,,6648612,,,4
S3,2019,2019,2019,2,0,2,Export,528,Netherlands,NLD,0,World,WLD,,,,,,,,73,METALWORKING MACHINERY,1,No Quantity,0,,,,0,,1061758840,,,4
S3,2019,2019,2019,2,0,2,Export,554,New Zealand,NZL,0,World,WLD,,,,,,,,73,METALWORKING MACHINERY,1,No Quantity,0,,,,,,78654058,,,4
S3,2019,2019,2019,2,0,2,Export,579,Norway,NOR,0,World,WLD,,,,,,,,73,METALWORKING MACHINERY,1,No Quantity,0,,,,0,,73994201,,,0
S3,2019,2019,2019,2,0,2,Export,586,Pakistan,PAK,0,World,WLD,,,,,,,,73,METALWORKING MACHINERY,1,No Quantity,0,,,,,,3478515,,,4
S3,2019,2019,2019,2,0,2,Export,604,Peru,PER,0,World,WLD,,,,,,,,73,METALWORKING MACHINERY,1,No Quantity,0,,,,0,,2392128,,,0
S3,2019,2019,2019,2,0,2,Export,608,Philippines,PHL,0,World,WLD,,,,,,,,73,METALWORKING MACHINERY,1,No Quantity,0,,,,,,72177538,,,4
S3,2019,2019,2019,2,0,2,Export,616,Poland,POL,0,World,WLD,,,,,,,,73,METALWORKING MACHINERY,1,No Quantity,0,,,,0,,531591892,,,4
S3,2019,2019,2019,2,0,2,Export,620,Portugal,PRT,0,World,WLD,,,,,,,,73,METALWORKING MACHINERY,1,No Quantity,0,,,,0,,102544769,,,4
S3,2019,2019,2019,2,0,2,Export,634,Qatar,QAT,0,World,WLD,,,,,,,,73,METALWORKING MACHINERY,1,No Quantity,0,,,,0,,7547487,,,0
S3,2019,2019,2019,2,0,2,Export,642,Romania,ROU,0,World,WLD,,,,,,,,73,METALWORKING MACHINERY,1,No Quantity,0,,,,0,,174425423,,,4
S3,2019,2019,2019,2,0,2,Export,643,Russian Federation,RUS,0,World,WLD,,,,,,,,73,METALWORKING MACHINERY,1,No Quantity,0,,,,0,,163978899,,,4
S3,2019,2019,2019,2,0,2,Export,646,Rwanda,RWA,0,World,WLD,,,,,,,,73,METALWORKING MACHINERY,1,No Quantity,0,,,,0,,33470,,,0
S3,2019,2019,2019,2,0,2,Export,678,Sao Tome and Principe,STP,0,World,WLD,,,,,,,,73,METALWORKING MACHINERY,1,No Quantity,0,,,,0,,16,,,0
S3,2019,2019,2019,2,0,2,Export,686,Senegal,SEN,0,World,WLD,,,,,,,,73,METALWORKING MACHINERY,1,No Quantity,0,,,,0,,1449685,,,0
S3,2019,2019,2019,2,0,2,Export,688,Serbia,SRB,0,World,WLD,,,,,,,,73,METALWORKING MACHINERY,1,No Quantity,0,,,,0,,41665333,,,4
S3,2019,2019,2019,2,0,2,Export,690,Seychelles,SYC,0,World,WLD,,,,,,,,73,METALWORKING MACHINERY,1,No Quantity,0,,,,0,,285067,,,0
S3,2019,2019,2019,2,0,2,Export,699,India,IND,0,World,WLD,,,,,,,,73,METALWORKING MACHINERY,1,No Quantity,0,,,,,,568820751,,,4
S3,2019,2019,2019,2,0,2,Export,702,Singapore,SGP,0,World,WLD,,,,,,,,73,METALWORKING MACHINERY,1,No Quantity,0,,,,,,736871755,,,4
S3,2019,2019,2019,2,0,2,Export,703,Slovakia,SVK,0,World,WLD,,,,,,,,73,METALWORKING MACHINERY,1,No Quantity,0,,,,0,,365493470,,,4
S3,2019,2019,2019,2,0,2,Export,704,Viet Nam,VNM,0,World,WLD,,,,,,,,73,METALWORKING MACHINERY,1,No Quantity,0,,,,,,104230669,,,4
S3,2019,2019,2019,2,0,2,Export,705,Slovenia,SVN,0,World,WLD,,,,,,,,73,METALWORKING MACHINERY,1,No Quantity,0,,,,0,,227326809,,,0
S3,2019,2019,2019,2,0,2,Export,710,South Africa,ZAF,0,World,WLD,,,,,,,,73,METALWORKING MACHINERY,1,No Quantity,0,,,,0,,95961566,,,0
S3,2019,2019,2019,2,0,2,Export,716,Zimbabwe,ZWE,0,World,WLD,,,,,,,,73,METALWORKING MACHINERY,1,No Quantity,0,,,,0,,106889,,,0
S3,2019,2019,2019,2,0,2,Export,724,Spain,ESP,0,World,WLD,,,,,,,,73,METALWORKING MACHINERY,1,No Quantity,0,,,,0,,1475258627,,,4
S3,2019,2019,2019,2,0,2,Export,748,Eswatini,SWZ,0,World,WLD,,,,,,,,73,METALWORKING MACHINERY,1,No Quantity,0,,,,0,,1001789,,,4
S3,2019,2019,2019,2,0,2,Export,752,Sweden,SWE,0,World,WLD,,,,,,,,73,METALWORKING MACHINERY,1,No Quantity,0,,,,0,,845371482,,,4
S3,2019,2019,2019,2,0,2,Export,757,Switzerland,CHE,0,World,WLD,,,,,,,,73,METALWORKING MACHINERY,1,No Quantity,0,,,,0,,3966039057,,,4
S3,2019,2019,2019,2,0,2,Export,764,Thailand,THA,0,World,WLD,,,,,,,,73,METALWORKING MACHINERY,1,No Quantity,0,,,,,,616488053,,,4
S3,2019,2019,2019,2,0,2,Export,768,Togo,TGO,0,World,WLD,,,,,,,,73,METALWORKING MACHINERY,1,No Quantity,0,,,,0,,49794,,,0
S3,2019,2019,2019,2,0,2,Export,788,Tunisia,TUN,0,World,WLD,,,,,,,,73,METALWORKING MACHINERY,1,No Quantity,0,,,,0,,8271109,,,0
S3,2019,2019,2019,2,0,2,Export,792,Turkey,TUR,0,World,WLD,,,,,,,,73,METALWORKING MACHINERY,1,No Quantity,0,,,,0,,837975515,,,4
S3,2019,2019,2019,2,0,2,Export,807,North Macedonia,MKD,0,World,WLD,,,,,,,,73,METALWORKING MACHINERY,1,No Quantity,0,,,,0,,5241510,,,4
S3,2019,2019,2019,2,0,2,Export,818,Egypt,EGY,0,World,WLD,,,,,,,,73,METALWORKING MACHINERY,1,No Quantity,0,,,,,,416137,,,4
S3,2019,2019,2019,2,0,2,Export,826,United Kingdom,GBR,0,World,WLD,,,,,,,,73,METALWORKING MACHINERY,1,No Quantity,0,,,,0,,1218145614,,,4
S3,2019,2019,2019,2,0,2,Export,842,USA,USA,0,World,WLD,,,,,,,,73,METALWORKING MACHINERY,1,No Quantity,0,,,,,,4871765744,,,4
S3,2019,2019,2019,2,0,2,Export,860,Uzbekistan,UZB,0,World,WLD,,,,,,,,73,METALWORKING MACHINERY,1,No Quantity,0,,,,,,709081,,,4
S3,2019,2019,2019,2,0,2,Export,894,Zambia,ZMB,0,World,WLD,,,,,,,,73,METALWORKING MACHINERY,1,No Quantity,0,,,,0,,2249761,,,4
S3,2019,2019,2019,2,0,2,Export,28,Antigua and Barbuda,ATG,0,World,WLD,,,,,,,,74,GENERAL INDUSTL.MACH.NES,1,No Quantity,0,,,,0,,84423,,,0
S3,2019,2019,2019,2,0,2,Export,31,Azerbaijan,AZE,0,World,WLD,,,,,,,,74,GENERAL INDUSTL.MACH.NES,1,No Quantity,0,,,,0,,15660586,,,4
S3,2019,2019,2019,2,0,2,Export,32,Argentina,ARG,0,World,WLD,,,,,,,,74,GENERAL INDUSTL.MACH.NES,1,No Quantity,0,,,,0,,435728261,,,4
S3,2019,2019,2019,2,0,2,Export,36,Australia,AUS,0,World,WLD,,,,,,,,74,GENERAL INDUSTL.MACH.NES,1,No Quantity,0,,,,,,1705888941,,,4
S3,2019,2019,2019,2,0,2,Export,40,Austria,AUT,0,World,WLD,,,,,,,,74,GENERAL INDUSTL.MACH.NES,1,No Quantity,0,,,,0,,10942270823,,,4
S3,2019,2019,2019,2,0,2,Export,51,Armenia,ARM,0,World,WLD,,,,,,,,74,GENERAL INDUSTL.MACH.NES,1,No Quantity,0,,,,0,,9305662,,,4
S3,2019,2019,2019,2,0,2,Export,56,Belgium,BEL,0,World,WLD,,,,,,,,74,GENERAL INDUSTL.MACH.NES,1,No Quantity,0,,,,0,,14028301171,,,4
S3,2019,2019,2019,2,0,2,Export,70,Bosnia Herzegovina,BIH,0,World,WLD,,,,,,,,74,GENERAL INDUSTL.MACH.NES,1,No Quantity,0,,,,0,,227036502,,,0
S3,2019,2019,2019,2,0,2,Export,72,Botswana,BWA,0,World,WLD,,,,,,,,74,GENERAL INDUSTL.MACH.NES,1,No Quantity,0,,,,0,,8143886,,,4
S3,2019,2019,2019,2,0,2,Export,76,Brazil,BRA,0,World,WLD,,,,,,,,74,GENERAL INDUSTL.MACH.NES,1,No Quantity,0,,,,0,,3989437213,,,4
S3,2019,2019,2019,2,0,2,Export,84,Belize,BLZ,0,World,WLD,,,,,,,,74,GENERAL INDUSTL.MACH.NES,1,No Quantity,0,,,,0,,348106,,,0
S3,2019,2019,2019,2,0,2,Export,96,Brunei Darussalam,BRN,0,World,WLD,,,,,,,,74,GENERAL INDUSTL.MACH.NES,1,No Quantity,0,,,,,,76238830,,,4
S3,2019,2019,2019,2,0,2,Export,100,Bulgaria,BGR,0,World,WLD,,,,,,,,74,GENERAL INDUSTL.MACH.NES,1,No Quantity,0,,,,0,,1088626982,,,4
S3,2019,2019,2019,2,0,2,Export,104,Myanmar,MMR,0,World,WLD,,,,,,,,74,GENERAL INDUSTL.MACH.NES,1,No Quantity,0,,,,0,,111721190,,,4
S3,2019,2019,2019,2,0,2,Export,124,Canada,CAN,0,World,WLD,,,,,,,,74,GENERAL INDUSTL.MACH.NES,1,No Quantity,0,,,,,,14072725809,,,4
S3,2019,2019,2019,2,0,2,Export,152,Chile,CHL,0,World,WLD,,,,,,,,74,GENERAL INDUSTL.MACH.NES,1,No Quantity,0,,,,,,207881189,,,4
S3,2019,2019,2019,2,0,2,Export,170,Colombia,COL,0,World,WLD,,,,,,,,74,GENERAL INDUSTL.MACH.NES,1,No Quantity,0,,,,0,,159813397,,,4
S3,2019,2019,2019,2,0,2,Export,174,Comoros,COM,0,World,WLD,,,,,,,,74,GENERAL INDUSTL.MACH.NES,1,No Quantity,0,,,,0,,445309,,,0
S3,2019,2019,2019,2,0,2,Export,178,Congo,COG,0,World,WLD,,,,,,,,74,GENERAL INDUSTL.MACH.NES,1,No Quantity,0,,,,0,,29023212,,,4
S3,2019,2019,2019,2,0,2,Export,191,Croatia,HRV,0,World,WLD,,,,,,,,74,GENERAL INDUSTL.MACH.NES,1,No Quantity,0,,,,0,,554746896,,,4
S3,2019,2019,2019,2,0,2,Export,196,Cyprus,CYP,0,World,WLD,,,,,,,,74,GENERAL INDUSTL.MACH.NES,1,No Quantity,0,,,,0,,38157083,,,4
S3,2019,2019,2019,2,0,2,Export,204,Benin,BEN,0,World,WLD,,,,,,,,74,GENERAL INDUSTL.MACH.NES,1,No Quantity,0,,,,0,,1147766,,,0
S3,2019,2019,2019,2,0,2,Export,208,Denmark,DNK,0,World,WLD,,,,,,,,74,GENERAL INDUSTL.MACH.NES,1,No Quantity,0,,,,0,,7433704109,,,4
S3,2019,2019,2019,2,0,2,Export,222,El Salvador,SLV,0,World,WLD,,,,,,,,74,GENERAL INDUSTL.MACH.NES,1,No Quantity,0,,,,0,,15468853,,,4
S3,2019,2019,2019,2,0,2,Export,233,Estonia,EST,0,World,WLD,,,,,,,,74,GENERAL INDUSTL.MACH.NES,1,No Quantity,0,,,,0,,725019671,,,4
S3,2019,2019,2019,2,0,2,Export,246,Finland,FIN,0,World,WLD,,,,,,,,74,GENERAL INDUSTL.MACH.NES,1,No Quantity,0,,,,0,,3500431091,,,4
S3,2019,2019,2019,2,0,2,Export,251,France,FRA,0,World,WLD,,,,,,,,74,GENERAL INDUSTL.MACH.NES,1,No Quantity,0,,,,0,,24223688595,,,4
S3,2019,2019,2019,2,0,2,Export,268,Georgia,GEO,0,World,WLD,,,,,,,,74,GENERAL INDUSTL.MACH.NES,1,No Quantity,0,,,,0,,52834652,,,0
S3,2019,2019,2019,2,0,2,Export,270,Gambia,GMB,0,World,WLD,,,,,,,,74,GENERAL INDUSTL.MACH.NES,1,No Quantity,0,,,,0,,182128,,,0
S3,2019,2019,2019,2,0,2,Export,276,Germany,DEU,0,World,WLD,,,,,,,,74,GENERAL INDUSTL.MACH.NES,1,No Quantity,0,,,,0,,111807984542,,,4
S3,2019,2019,2019,2,0,2,Export,288,Ghana,GHA,0,World,WLD,,,,,,,,74,GENERAL INDUSTL.MACH.NES,1,No Quantity,0,,,,,,14711197,,,4
S3,2019,2019,2019,2,0,2,Export,300,Greece,GRC,0,World,WLD,,,,,,,,74,GENERAL INDUSTL.MACH.NES,1,No Quantity,0,,,,0,,661755213,,,4
S3,2019,2019,2019,2,0,2,Export,320,Guatemala,GTM,0,World,WLD,,,,,,,,74,GENERAL INDUSTL.MACH.NES,1,No Quantity,0,,,,0,,74757217,,,4
S3,2019,2019,2019,2,0,2,Export,344,"China, Hong Kong SAR",HKG,0,World,WLD,,,,,,,,74,GENERAL INDUSTL.MACH.NES,1,No Quantity,0,,,,,,5487883300,,,4
S3,2019,2019,2019,2,0,2,Export,348,Hungary,HUN,0,World,WLD,,,,,,,,74,GENERAL INDUSTL.MACH.NES,1,No Quantity,0,,,,0,,5350583917,,,4
S3,2019,2019,2019,2,0,2,Export,352,Iceland,ISL,0,World,WLD,,,,,,,,74,GENERAL INDUSTL.MACH.NES,1,No Quantity,0,,,,0,,63944332,,,4
S3,2019,2019,2019,2,0,2,Export,360,Indonesia,IDN,0,World,WLD,,,,,,,,74,GENERAL INDUSTL.MACH.NES,1,No Quantity,0,,,,,,1391087882,,,4
S3,2019,2019,2019,2,0,2,Export,372,Ireland,IRL,0,World,WLD,,,,,,,,74,GENERAL INDUSTL.MACH.NES,1,No Quantity,0,,,,0,,2303954853,,,4
S3,2019,2019,2019,2,0,2,Export,376,Israel,ISR,0,World,WLD,,,,,,,,74,GENERAL INDUSTL.MACH.NES,1,No Quantity,0,,,,,,1602266000,,,4
S3,2019,2019,2019,2,0,2,Export,381,Italy,ITA,0,World,WLD,,,,,,,,74,GENERAL INDUSTL.MACH.NES,1,No Quantity,0,,,,0,,51694291813,,,4
S3,2019,2019,2019,2,0,2,Export,384,C么te d'Ivoire,CIV,0,World,WLD,,,,,,,,74,GENERAL INDUSTL.MACH.NES,1,No Quantity,0,,,,0,,19076872,,,4
S3,2019,2019,2019,2,0,2,Export,388,Jamaica,JAM,0,World,WLD,,,,,,,,74,GENERAL INDUSTL.MACH.NES,1,No Quantity,0,,,,0,,5715789,,,0
S3,2019,2019,2019,2,0,2,Export,392,Japan,JPN,0,World,WLD,,,,,,,,74,GENERAL INDUSTL.MACH.NES,1,No Quantity,0,,,,0,,38682055115,,,4
S3,2019,2019,2019,2,0,2,Export,398,Kazakhstan,KAZ,0,World,WLD,,,,,,,,74,GENERAL INDUSTL.MACH.NES,1,No Quantity,0,,,,0,,190925350,,,4
S3,2019,2019,2019,2,0,2,Export,400,Jordan,JOR,0,World,WLD,,,,,,,,74,GENERAL INDUSTL.MACH.NES,1,No Quantity,0,,,,0,,150648554,,,4
S3,2019,2019,2019,2,0,2,Export,410,Rep. of Korea,KOR,0,World,WLD,,,,,,,,74,GENERAL INDUSTL.MACH.NES,1,No Quantity,0,,,,0,,22650141347,,,4
S3,2019,2019,2019,2,0,2,Export,418,Lao People's Dem. Rep.,LAO,0,World,WLD,,,,,,,,74,GENERAL INDUSTL.MACH.NES,1,No Quantity,0,,,,0,,7101479,,,0
S3,2019,2019,2019,2,0,2,Export,428,Latvia,LVA,0,World,WLD,,,,,,,,74,GENERAL INDUSTL.MACH.NES,1,No Quantity,0,,,,0,,331979104,,,4
S3,2019,2019,2019,2,0,2,Export,440,Lithuania,LTU,0,World,WLD,,,,,,,,74,GENERAL INDUSTL.MACH.NES,1,No Quantity,0,,,,0,,1353297230,,,4
S3,2019,2019,2019,2,0,2,Export,446,"China, Macao SAR",MAC,0,World,WLD,,,,,,,,74,GENERAL INDUSTL.MACH.NES,1,No Quantity,0,,,,0,,3333367,,,0
S3,2019,2019,2019,2,0,2,Export,450,Madagascar,MDG,0,World,WLD,,,,,,,,74,GENERAL INDUSTL.MACH.NES,1,No Quantity,0,,,,,,7526831,,,4
S3,2019,2019,2019,2,0,2,Export,458,Malaysia,MYS,0,World,WLD,,,,,,,,74,GENERAL INDUSTL.MACH.NES,1,No Quantity,0,,,,,,4790745993,,,4
S3,2019,2019,2019,2,0,2,Export,470,Malta,MLT,0,World,WLD,,,,,,,,74,GENERAL INDUSTL.MACH.NES,1,No Quantity,0,,,,0,,53115481,,,4
S3,2019,2019,2019,2,0,2,Export,480,Mauritius,MUS,0,World,WLD,,,,,,,,74,GENERAL INDUSTL.MACH.NES,1,No Quantity,0,,,,0,,6555910,,,4
S3,2019,2019,2019,2,0,2,Export,484,Mexico,MEX,0,World,WLD,,,,,,,,74,GENERAL INDUSTL.MACH.NES,1,No Quantity,0,,,,,,21340860372,,,4
S3,2019,2019,2019,2,0,2,Export,496,Mongolia,MNG,0,World,WLD,,,,,,,,74,GENERAL INDUSTL.MACH.NES,1,No Quantity,0,,,,0,,7785411,,,4
S3,2019,2019,2019,2,0,2,Export,498,Rep. of Moldova,MDA,0,World,WLD,,,,,,,,74,GENERAL INDUSTL.MACH.NES,1,No Quantity,0,,,,0,,24032459,,,4
S3,2019,2019,2019,2,0,2,Export,504,Morocco,MAR,0,World,WLD,,,,,,,,74,GENERAL INDUSTL.MACH.NES,1,No Quantity,0,,,,0,,88912596,,,4
S3,2019,2019,2019,2,0,2,Export,516,Namibia,NAM,0,World,WLD,,,,,,,,74,GENERAL INDUSTL.MACH.NES,1,No Quantity,0,,,,,,31367566,,,4
S3,2019,2019,2019,2,0,2,Export,528,Netherlands,NLD,0,World,WLD,,,,,,,,74,GENERAL INDUSTL.MACH.NES,1,No Quantity,0,,,,0,,19326987788,,,4
S3,2019,2019,2019,2,0,2,Export,554,New Zealand,NZL,0,World,WLD,,,,,,,,74,GENERAL INDUSTL.MACH.NES,1,No Quantity,0,,,,,,463867497,,,4
S3,2019,2019,2019,2,0,2,Export,579,Norway,NOR,0,World,WLD,,,,,,,,74,GENERAL INDUSTL.MACH.NES,1,No Quantity,0,,,,0,,2009849676,,,4
S3,2019,2019,2019,2,0,2,Export,586,Pakistan,PAK,0,World,WLD,,,,,,,,74,GENERAL INDUSTL.MACH.NES,1,No Quantity,0,,,,,,74943861,,,4
S3,2019,2019,2019,2,0,2,Export,604,Peru,PER,0,World,WLD,,,,,,,,74,GENERAL INDUSTL.MACH.NES,1,No Quantity,0,,,,0,,93323351,,,4
S3,2019,2019,2019,2,0,2,Export,608,Philippines,PHL,0,World,WLD,,,,,,,,74,GENERAL INDUSTL.MACH.NES,1,No Quantity,0,,,,,,1371615574,,,4
S3,2019,2019,2019,2,0,2,Export,616,Poland,POL,0,World,WLD,,,,,,,,74,GENERAL INDUSTL.MACH.NES,1,No Quantity,0,,,,0,,9637201427,,,4
S3,2019,2019,2019,2,0,2,Export,620,Portugal,PRT,0,World,WLD,,,,,,,,74,GENERAL INDUSTL.MACH.NES,1,No Quantity,0,,,,,,2594188580,,,4
S3,2019,2019,2019,2,0,2,Export,634,Qatar,QAT,0,World,WLD,,,,,,,,74,GENERAL INDUSTL.MACH.NES,1,No Quantity,0,,,,0,,130637746,,,0
S3,2019,2019,2019,2,0,2,Export,642,Romania,ROU,0,World,WLD,,,,,,,,74,GENERAL INDUSTL.MACH.NES,1,No Quantity,0,,,,0,,5213177455,,,4
S3,2019,2019,2019,2,0,2,Export,643,Russian Federation,RUS,0,World,WLD,,,,,,,,74,GENERAL INDUSTL.MACH.NES,1,No Quantity,0,,,,0,,2589510392,,,4
S3,2019,2019,2019,2,0,2,Export,646,Rwanda,RWA,0,World,WLD,,,,,,,,74,GENERAL INDUSTL.MACH.NES,1,No Quantity,0,,,,0,,1229002,,,0
S3,2019,2019,2019,2,0,2,Export,678,Sao Tome and Principe,STP,0,World,WLD,,,,,,,,74,GENERAL INDUSTL.MACH.NES,1,No Quantity,0,,,,0,,6183,,,0
S3,2019,2019,2019,2,0,2,Export,686,Senegal,SEN,0,World,WLD,,,,,,,,74,GENERAL INDUSTL.MACH.NES,1,No Quantity,0,,,,0,,8053486,,,4
S3,2019,2019,2019,2,0,2,Export,688,Serbia,SRB,0,World,WLD,,,,,,,,74,GENERAL INDUSTL.MACH.NES,1,No Quantity,0,,,,0,,699485759,,,4
S3,2019,2019,2019,2,0,2,Export,690,Seychelles,SYC,0,World,WLD,,,,,,,,74,GENERAL INDUSTL.MACH.NES,1,No Quantity,0,,,,0,,245199,,,0
S3,2019,2019,2019,2,0,2,Export,699,India,IND,0,World,WLD,,,,,,,,74,GENERAL INDUSTL.MACH.NES,1,No Quantity,0,,,,0,,8466264143,,,4
S3,2019,2019,2019,2,0,2,Export,702,Singapore,SGP,0,World,WLD,,,,,,,,74,GENERAL INDUSTL.MACH.NES,1,No Quantity,0,,,,,,8113466085,,,4
S3,2019,2019,2019,2,0,2,Export,703,Slovakia,SVK,0,World,WLD,,,,,,,,74,GENERAL INDUSTL.MACH.NES,1,No Quantity,0,,,,0,,5575975300,,,4
S3,2019,2019,2019,2,0,2,Export,704,Viet Nam,VNM,0,World,WLD,,,,,,,,74,GENERAL INDUSTL.MACH.NES,1,No Quantity,0,,,,0,,2173199631,,,4
S3,2019,2019,2019,2,0,2,Export,705,Slovenia,SVN,0,World,WLD,,,,,,,,74,GENERAL INDUSTL.MACH.NES,1,No Quantity,0,,,,0,,1837506393,,,0
S3,2019,2019,2019,2,0,2,Export,710,South Africa,ZAF,0,World,WLD,,,,,,,,74,GENERAL INDUSTL.MACH.NES,1,No Quantity,0,,,,0,,3052589420,,,4
S3,2019,2019,2019,2,0,2,Export,716,Zimbabwe,ZWE,0,World,WLD,,,,,,,,74,GENERAL INDUSTL.MACH.NES,1,No Quantity,0,,,,0,,3059000,,,4
S3,2019,2019,2019,2,0,2,Export,724,Spain,ESP,0,World,WLD,,,,,,,,74,GENERAL INDUSTL.MACH.NES,1,No Quantity,0,,,,0,,11268162372,,,4
S3,2019,2019,2019,2,0,2,Export,740,Suriname,SUR,0,World,WLD,,,,,,,,74,GENERAL INDUSTL.MACH.NES,1,No Quantity,0,,,,0,,347150,,,0
S3,2019,2019,2019,2,0,2,Export,748,Eswatini,SWZ,0,World,WLD,,,,,,,,74,GENERAL INDUSTL.MACH.NES,1,No Quantity,0,,,,0,,16988493,,,4
S3,2019,2019,2019,2,0,2,Export,752,Sweden,SWE,0,World,WLD,,,,,,,,74,GENERAL INDUSTL.MACH.NES,1,No Quantity,0,,,,0,,9781563955,,,4
S3,2019,2019,2019,2,0,2,Export,757,Switzerland,CHE,0,World,WLD,,,,,,,,74,GENERAL INDUSTL.MACH.NES,1,No Quantity,0,,,,0,,9560129679,,,4
S3,2019,2019,2019,2,0,2,Export,764,Thailand,THA,0,World,WLD,,,,,,,,74,GENERAL INDUSTL.MACH.NES,1,No Quantity,0,,,,,,11516159298,,,4
S3,2019,2019,2019,2,0,2,Export,768,Togo,TGO,0,World,WLD,,,,,,,,74,GENERAL INDUSTL.MACH.NES,1,No Quantity,0,,,,0,,1935978,,,0
S3,2019,2019,2019,2,0,2,Export,788,Tunisia,TUN,0,World,WLD,,,,,,,,74,GENERAL INDUSTL.MACH.NES,1,No Quantity,0,,,,0,,232641894,,,0
S3,2019,2019,2019,2,0,2,Export,792,Turkey,TUR,0,World,WLD,,,,,,,,74,GENERAL INDUSTL.MACH.NES,1,No Quantity,0,,,,0,,5917203805,,,4
S3,2019,2019,2019,2,0,2,Export,807,North Macedonia,MKD,0,World,WLD,,,,,,,,74,GENERAL INDUSTL.MACH.NES,1,No Quantity,0,,,,0,,867531583,,,4
S3,2019,2019,2019,2,0,2,Export,818,Egypt,EGY,0,World,WLD,,,,,,,,74,GENERAL INDUSTL.MACH.NES,1,No Quantity,0,,,,,,71607081,,,4
S3,2019,2019,2019,2,0,2,Export,826,United Kingdom,GBR,0,World,WLD,,,,,,,,74,GENERAL INDUSTL.MACH.NES,1,No Quantity,0,,,,0,,19491913657,,,4
S3,2019,2019,2019,2,0,2,Export,842,USA,USA,0,World,WLD,,,,,,,,74,GENERAL INDUSTL.MACH.NES,1,No Quantity,0,,,,0,,71146090491,,,4
S3,2019,2019,2019,2,0,2,Export,860,Uzbekistan,UZB,0,World,WLD,,,,,,,,74,GENERAL INDUSTL.MACH.NES,1,No Quantity,0,,,,,,22749624,,,4
S3,2019,2019,2019,2,0,2,Export,894,Zambia,ZMB,0,World,WLD,,,,,,,,74,GENERAL INDUSTL.MACH.NES,1,No Quantity,0,,,,0,,64218714,,,4
S3,2019,2019,2019,2,0,2,Export,28,Antigua and Barbuda,ATG,0,World,WLD,,,,,,,,75,"OFFICE MACHINES,ADP MACH",1,No Quantity,0,,,,0,,67816,,,0
S3,2019,2019,2019,2,0,2,Export,31,Azerbaijan,AZE,0,World,WLD,,,,,,,,75,"OFFICE MACHINES,ADP MACH",1,No Quantity,0,,,,0,,2117576,,,0
S3,2019,2019,2019,2,0,2,Export,32,Argentina,ARG,0,World,WLD,,,,,,,,75,"OFFICE MACHINES,ADP MACH",1,No Quantity,0,,,,0,,13422387,,,0
S3,2019,2019,2019,2,0,2,Export,36,Australia,AUS,0,World,WLD,,,,,,,,75,"OFFICE MACHINES,ADP MACH",1,No Quantity,0,,,,,,1107488107,,,4
S3,2019,2019,2019,2,0,2,Export,40,Austria,AUT,0,World,WLD,,,,,,,,75,"OFFICE MACHINES,ADP MACH",1,No Quantity,0,,,,0,,1539632934,,,4
S3,2019,2019,2019,2,0,2,Export,51,Armenia,ARM,0,World,WLD,,,,,,,,75,"OFFICE MACHINES,ADP MACH",1,No Quantity,0,,,,0,,3954504,,,4
S3,2019,2019,2019,2,0,2,Export,56,Belgium,BEL,0,World,WLD,,,,,,,,75,"OFFICE MACHINES,ADP MACH",1,No Quantity,0,,,,0,,3878743707,,,4
S3,2019,2019,2019,2,0,2,Export,70,Bosnia Herzegovina,BIH,0,World,WLD,,,,,,,,75,"OFFICE MACHINES,ADP MACH",1,No Quantity,0,,,,0,,9969315,,,0
S3,2019,2019,2019,2,0,2,Export,72,Botswana,BWA,0,World,WLD,,,,,,,,75,"OFFICE MACHINES,ADP MACH",1,No Quantity,0,,,,0,,2310203,,,4
S3,2019,2019,2019,2,0,2,Export,76,Brazil,BRA,0,World,WLD,,,,,,,,75,"OFFICE MACHINES,ADP MACH",1,No Quantity,0,,,,0,,343804181,,,4
S3,2019,2019,2019,2,0,2,Export,84,Belize,BLZ,0,World,WLD,,,,,,,,75,"OFFICE MACHINES,ADP MACH",1,No Quantity,0,,,,0,,875075,,,0
S3,2019,2019,2019,2,0,2,Export,96,Brunei Darussalam,BRN,0,World,WLD,,,,,,,,75,"OFFICE MACHINES,ADP MACH",1,No Quantity,0,,,,0,,1617899,,,4
S3,2019,2019,2019,2,0,2,Export,100,Bulgaria,BGR,0,World,WLD,,,,,,,,75,"OFFICE MACHINES,ADP MACH",1,No Quantity,0,,,,0,,328105801,,,4
S3,2019,2019,2019,2,0,2,Export,104,Myanmar,MMR,0,World,WLD,,,,,,,,75,"OFFICE MACHINES,ADP MACH",1,No Quantity,0,,,,0,,16283659,,,4
S3,2019,2019,2019,2,0,2,Export,124,Canada,CAN,0,World,WLD,,,,,,,,75,"OFFICE MACHINES,ADP MACH",1,No Quantity,0,,,,,,3216548996,,,4
S3,2019,2019,2019,2,0,2,Export,152,Chile,CHL,0,World,WLD,,,,,,,,75,"OFFICE MACHINES,ADP MACH",1,No Quantity,0,,,,0,,61020876,,,4
S3,2019,2019,2019,2,0,2,Export,170,Colombia,COL,0,World,WLD,,,,,,,,75,"OFFICE MACHINES,ADP MACH",1,No Quantity,0,,,,0,,23658285,,,4
S3,2019,2019,2019,2,0,2,Export,174,Comoros,COM,0,World,WLD,,,,,,,,75,"OFFICE MACHINES,ADP MACH",1,No Quantity,0,,,,0,,1524,,,0
S3,2019,2019,2019,2,0,2,Export,178,Congo,COG,0,World,WLD,,,,,,,,75,"OFFICE MACHINES,ADP MACH",1,No Quantity,0,,,,,,444744,,,4
S3,2019,2019,2019,2,0,2,Export,191,Croatia,HRV,0,World,WLD,,,,,,,,75,"OFFICE MACHINES,ADP MACH",1,No Quantity,0,,,,,,102604733,,,4
S3,2019,2019,2019,2,0,2,Export,196,Cyprus,CYP,0,World,WLD,,,,,,,,75,"OFFICE MACHINES,ADP MACH",1,No Quantity,0,,,,0,,10838483,,,4
S3,2019,2019,2019,2,0,2,Export,204,Benin,BEN,0,World,WLD,,,,,,,,75,"OFFICE MACHINES,ADP MACH",1,No Quantity,0,,,,0,,1222132,,,0
S3,2019,2019,2019,2,0,2,Export,208,Denmark,DNK,0,World,WLD,,,,,,,,75,"OFFICE MACHINES,ADP MACH",1,No Quantity,0,,,,0,,1927703531,,,4
S3,2019,2019,2019,2,0,2,Export,222,El Salvador,SLV,0,World,WLD,,,,,,,,75,"OFFICE MACHINES,ADP MACH",1,No Quantity,0,,,,0,,4944095,,,0
S3,2019,2019,2019,2,0,2,Export,233,Estonia,EST,0,World,WLD,,,,,,,,75,"OFFICE MACHINES,ADP MACH",1,No Quantity,0,,,,0,,169445355,,,4
S3,2019,2019,2019,2,0,2,Export,246,Finland,FIN,0,World,WLD,,,,,,,,75,"OFFICE MACHINES,ADP MACH",1,No Quantity,0,,,,0,,487862130,,,4
S3,2019,2019,2019,2,0,2,Export,251,France,FRA,0,World,WLD,,,,,,,,75,"OFFICE MACHINES,ADP MACH",1,No Quantity,0,,,,0,,5569198968,,,4
S3,2019,2019,2019,2,0,2,Export,268,Georgia,GEO,0,World,WLD,,,,,,,,75,"OFFICE MACHINES,ADP MACH",1,No Quantity,0,,,,0,,3577071,,,0
S3,2019,2019,2019,2,0,2,Export,276,Germany,DEU,0,World,WLD,,,,,,,,75,"OFFICE MACHINES,ADP MACH",1,No Quantity,0,,,,0,,29939768309,,,4
S3,2019,2019,2019,2,0,2,Export,288,Ghana,GHA,0,World,WLD,,,,,,,,75,"OFFICE MACHINES,ADP MACH",1,No Quantity,0,,,,0,,977326,,,4
S3,2019,2019,2019,2,0,2,Export,300,Greece,GRC,0,World,WLD,,,,,,,,75,"OFFICE MACHINES,ADP MACH",1,No Quantity,0,,,,0,,873083657,,,4
S3,2019,2019,2019,2,0,2,Export,320,Guatemala,GTM,0,World,WLD,,,,,,,,75,"OFFICE MACHINES,ADP MACH",1,No Quantity,0,,,,0,,7182468,,,4
S3,2019,2019,2019,2,0,2,Export,344,"China, Hong Kong SAR",HKG,0,World,WLD,,,,,,,,75,"OFFICE MACHINES,ADP MACH",1,No Quantity,0,,,,0,,89843994082,,,4
S3,2019,2019,2019,2,0,2,Export,348,Hungary,HUN,0,World,WLD,,,,,,,,75,"OFFICE MACHINES,ADP MACH",1,No Quantity,0,,,,0,,5686034262,,,4
S3,2019,2019,2019,2,0,2,Export,352,Iceland,ISL,0,World,WLD,,,,,,,,75,"OFFICE MACHINES,ADP MACH",1,No Quantity,0,,,,0,,3890710,,,4
S3,2019,2019,2019,2,0,2,Export,360,Indonesia,IDN,0,World,WLD,,,,,,,,75,"OFFICE MACHINES,ADP MACH",1,No Quantity,0,,,,,,1816545781,,,4
S3,2019,2019,2019,2,0,2,Export,372,Ireland,IRL,0,World,WLD,,,,,,,,75,"OFFICE MACHINES,ADP MACH",1,No Quantity,0,,,,0,,5793543269,,,4
S3,2019,2019,2019,2,0,2,Export,376,Israel,ISR,0,World,WLD,,,,,,,,75,"OFFICE MACHINES,ADP MACH",1,No Quantity,0,,,,,,1683239000,,,4
S3,2019,2019,2019,2,0,2,Export,381,Italy,ITA,0,World,WLD,,,,,,,,75,"OFFICE MACHINES,ADP MACH",1,No Quantity,0,,,,0,,4342631262,,,4
S3,2019,2019,2019,2,0,2,Export,384,C么te d'Ivoire,CIV,0,World,WLD,,,,,,,,75,"OFFICE MACHINES,ADP MACH",1,No Quantity,0,,,,0,,2300636,,,0
S3,2019,2019,2019,2,0,2,Export,388,Jamaica,JAM,0,World,WLD,,,,,,,,75,"OFFICE MACHINES,ADP MACH",1,No Quantity,0,,,,0,,2072053,,,0
S3,2019,2019,2019,2,0,2,Export,392,Japan,JPN,0,World,WLD,,,,,,,,75,"OFFICE MACHINES,ADP MACH",1,No Quantity,0,,,,,,15742616611,,,4
S3,2019,2019,2019,2,0,2,Export,398,Kazakhstan,KAZ,0,World,WLD,,,,,,,,75,"OFFICE MACHINES,ADP MACH",1,No Quantity,0,,,,0,,21805404,,,4
S3,2019,2019,2019,2,0,2,Export,400,Jordan,JOR,0,World,WLD,,,,,,,,75,"OFFICE MACHINES,ADP MACH",1,No Quantity,0,,,,0,,35692184,,,0
S3,2019,2019,2019,2,0,2,Export,410,Rep. of Korea,KOR,0,World,WLD,,,,,,,,75,"OFFICE MACHINES,ADP MACH",1,No Quantity,0,,,,0,,35769935548,,,4
S3,2019,2019,2019,2,0,2,Export,418,Lao People's Dem. Rep.,LAO,0,World,WLD,,,,,,,,75,"OFFICE MACHINES,ADP MACH",1,No Quantity,0,,,,0,,20578625,,,0
S3,2019,2019,2019,2,0,2,Export,428,Latvia,LVA,0,World,WLD,,,,,,,,75,"OFFICE MACHINES,ADP MACH",1,No Quantity,0,,,,0,,219282554,,,4
S3,2019,2019,2019,2,0,2,Export,440,Lithuania,LTU,0,World,WLD,,,,,,,,75,"OFFICE MACHINES,ADP MACH",1,No Quantity,0,,,,0,,532644549,,,4
S3,2019,2019,2019,2,0,2,Export,446,"China, Macao SAR",MAC,0,World,WLD,,,,,,,,75,"OFFICE MACHINES,ADP MACH",1,No Quantity,0,,,,0,,50355977,,,0
S3,2019,2019,2019,2,0,2,Export,450,Madagascar,MDG,0,World,WLD,,,,,,,,75,"OFFICE MACHINES,ADP MACH",1,No Quantity,0,,,,0,,422631,,,0
S3,2019,2019,2019,2,0,2,Export,458,Malaysia,MYS,0,World,WLD,,,,,,,,75,"OFFICE MACHINES,ADP MACH",1,No Quantity,0,,,,0,,13064748630,,,4
S3,2019,2019,2019,2,0,2,Export,470,Malta,MLT,0,World,WLD,,,,,,,,75,"OFFICE MACHINES,ADP MACH",1,No Quantity,0,,,,0,,18941044,,,4
S3,2019,2019,2019,2,0,2,Export,480,Mauritius,MUS,0,World,WLD,,,,,,,,75,"OFFICE MACHINES,ADP MACH",1,No Quantity,0,,,,0,,9501404,,,4
S3,2019,2019,2019,2,0,2,Export,484,Mexico,MEX,0,World,WLD,,,,,,,,75,"OFFICE MACHINES,ADP MACH",1,No Quantity,0,,,,,,34599215299,,,4
S3,2019,2019,2019,2,0,2,Export,496,Mongolia,MNG,0,World,WLD,,,,,,,,75,"OFFICE MACHINES,ADP MACH",1,No Quantity,0,,,,0,,310050,,,0
S3,2019,2019,2019,2,0,2,Export,498,Rep. of Moldova,MDA,0,World,WLD,,,,,,,,75,"OFFICE MACHINES,ADP MACH",1,No Quantity,0,,,,0,,1379833,,,4
S3,2019,2019,2019,2,0,2,Export,504,Morocco,MAR,0,World,WLD,,,,,,,,75,"OFFICE MACHINES,ADP MACH",1,No Quantity,0,,,,0,,43603120,,,0
S3,2019,2019,2019,2,0,2,Export,516,Namibia,NAM,0,World,WLD,,,,,,,,75,"OFFICE MACHINES,ADP MACH",1,No Quantity,0,,,,0,,9842814,,,4
S3,2019,2019,2019,2,0,2,Export,528,Netherlands,NLD,0,World,WLD,,,,,,,,75,"OFFICE MACHINES,ADP MACH",1,No Quantity,0,,,,0,,24415495339,,,4
S3,2019,2019,2019,2,0,2,Export,554,New Zealand,NZL,0,World,WLD,,,,,,,,75,"OFFICE MACHINES,ADP MACH",1,No Quantity,0,,,,,,141394091,,,4
S3,2019,2019,2019,2,0,2,Export,579,Norway,NOR,0,World,WLD,,,,,,,,75,"OFFICE MACHINES,ADP MACH",1,No Quantity,0,,,,0,,542780954,,,4
S3,2019,2019,2019,2,0,2,Export,586,Pakistan,PAK,0,World,WLD,,,,,,,,75,"OFFICE MACHINES,ADP MACH",1,No Quantity,0,,,,,,9047696,,,4
S3,2019,2019,2019,2,0,2,Export,604,Peru,PER,0,World,WLD,,,,,,,,75,"OFFICE MACHINES,ADP MACH",1,No Quantity,0,,,,0,,14756222,,,4
S3,2019,2019,2019,2,0,2,Export,608,Philippines,PHL,0,World,WLD,,,,,,,,75,"OFFICE MACHINES,ADP MACH",1,No Quantity,0,,,,,,8720569062,,,4
S3,2019,2019,2019,2,0,2,Export,616,Poland,POL,0,World,WLD,,,,,,,,75,"OFFICE MACHINES,ADP MACH",1,No Quantity,0,,,,0,,7709190140,,,4
S3,2019,2019,2019,2,0,2,Export,620,Portugal,PRT,0,World,WLD,,,,,,,,75,"OFFICE MACHINES,ADP MACH",1,No Quantity,0,,,,0,,398416691,,,4
S3,2019,2019,2019,2,0,2,Export,634,Qatar,QAT,0,World,WLD,,,,,,,,75,"OFFICE MACHINES,ADP MACH",1,No Quantity,0,,,,0,,19628732,,,0
S3,2019,2019,2019,2,0,2,Export,642,Romania,ROU,0,World,WLD,,,,,,,,75,"OFFICE MACHINES,ADP MACH",1,No Quantity,0,,,,0,,858281513,,,4
S3,2019,2019,2019,2,0,2,Export,643,Russian Federation,RUS,0,World,WLD,,,,,,,,75,"OFFICE MACHINES,ADP MACH",1,No Quantity,0,,,,0,,801031438,,,4
S3,2019,2019,2019,2,0,2,Export,646,Rwanda,RWA,0,World,WLD,,,,,,,,75,"OFFICE MACHINES,ADP MACH",1,No Quantity,0,,,,0,,928733,,,0
S3,2019,2019,2019,2,0,2,Export,678,Sao Tome and Principe,STP,0,World,WLD,,,,,,,,75,"OFFICE MACHINES,ADP MACH",1,No Quantity,0,,,,0,,37837,,,0
S3,2019,2019,2019,2,0,2,Export,686,Senegal,SEN,0,World,WLD,,,,,,,,75,"OFFICE MACHINES,ADP MACH",1,No Quantity,0,,,,,,1515699,,,4
S3,2019,2019,2019,2,0,2,Export,688,Serbia,SRB,0,World,WLD,,,,,,,,75,"OFFICE MACHINES,ADP MACH",1,No Quantity,0,,,,0,,132624575,,,4
S3,2019,2019,2019,2,0,2,Export,690,Seychelles,SYC,0,World,WLD,,,,,,,,75,"OFFICE MACHINES,ADP MACH",1,No Quantity,0,,,,0,,114569,,,0
S3,2019,2019,2019,2,0,2,Export,699,India,IND,0,World,WLD,,,,,,,,75,"OFFICE MACHINES,ADP MACH",1,No Quantity,0,,,,,,1261444675,,,4
S3,2019,2019,2019,2,0,2,Export,702,Singapore,SGP,0,World,WLD,,,,,,,,75,"OFFICE MACHINES,ADP MACH",1,No Quantity,0,,,,,,20102461848,,,4
S3,2019,2019,2019,2,0,2,Export,703,Slovakia,SVK,0,World,WLD,,,,,,,,75,"OFFICE MACHINES,ADP MACH",1,No Quantity,0,,,,0,,1735105148,,,4
S3,2019,2019,2019,2,0,2,Export,704,Viet Nam,VNM,0,World,WLD,,,,,,,,75,"OFFICE MACHINES,ADP MACH",1,No Quantity,0,,,,0,,29216022989,,,4
S3,2019,2019,2019,2,0,2,Export,705,Slovenia,SVN,0,World,WLD,,,,,,,,75,"OFFICE MACHINES,ADP MACH",1,No Quantity,0,,,,0,,202995165,,,0
S3,2019,2019,2019,2,0,2,Export,710,South Africa,ZAF,0,World,WLD,,,,,,,,75,"OFFICE MACHINES,ADP MACH",1,No Quantity,0,,,,0,,425648153,,,0
S3,2019,2019,2019,2,0,2,Export,716,Zimbabwe,ZWE,0,World,WLD,,,,,,,,75,"OFFICE MACHINES,ADP MACH",1,No Quantity,0,,,,0,,892321,,,4
S3,2019,2019,2019,2,0,2,Export,724,Spain,ESP,0,World,WLD,,,,,,,,75,"OFFICE MACHINES,ADP MACH",1,No Quantity,0,,,,0,,1919428515,,,4
S3,2019,2019,2019,2,0,2,Export,740,Suriname,SUR,0,World,WLD,,,,,,,,75,"OFFICE MACHINES,ADP MACH",1,No Quantity,0,,,,0,,141336,,,0
S3,2019,2019,2019,2,0,2,Export,748,Eswatini,SWZ,0,World,WLD,,,,,,,,75,"OFFICE MACHINES,ADP MACH",1,No Quantity,0,,,,0,,820787,,,4
S3,2019,2019,2019,2,0,2,Export,752,Sweden,SWE,0,World,WLD,,,,,,,,75,"OFFICE MACHINES,ADP MACH",1,No Quantity,0,,,,0,,3139833352,,,4
S3,2019,2019,2019,2,0,2,Export,757,Switzerland,CHE,0,World,WLD,,,,,,,,75,"OFFICE MACHINES,ADP MACH",1,No Quantity,0,,,,,,1259700185,,,4
S3,2019,2019,2019,2,0,2,Export,764,Thailand,THA,0,World,WLD,,,,,,,,75,"OFFICE MACHINES,ADP MACH",1,No Quantity,0,,,,,,17634485738,,,4
S3,2019,2019,2019,2,0,2,Export,768,Togo,TGO,0,World,WLD,,,,,,,,75,"OFFICE MACHINES,ADP MACH",1,No Quantity,0,,,,0,,228644,,,0
S3,2019,2019,2019,2,0,2,Export,788,Tunisia,TUN,0,World,WLD,,,,,,,,75,"OFFICE MACHINES,ADP MACH",1,No Quantity,0,,,,0,,21942427,,,0
S3,2019,2019,2019,2,0,2,Export,792,Turkey,TUR,0,World,WLD,,,,,,,,75,"OFFICE MACHINES,ADP MACH",1,No Quantity,0,,,,0,,280574677,,,4
S3,2019,2019,2019,2,0,2,Export,807,North Macedonia,MKD,0,World,WLD,,,,,,,,75,"OFFICE MACHINES,ADP MACH",1,No Quantity,0,,,,0,,25572388,,,4
S3,2019,2019,2019,2,0,2,Export,818,Egypt,EGY,0,World,WLD,,,,,,,,75,"OFFICE MACHINES,ADP MACH",1,No Quantity,0,,,,0,,585448,,,4
S3,2019,2019,2019,2,0,2,Export,826,United Kingdom,GBR,0,World,WLD,,,,,,,,75,"OFFICE MACHINES,ADP MACH",1,No Quantity,0,,,,0,,8372572814,,,4
S3,2019,2019,2019,2,0,2,Export,842,USA,USA,0,World,WLD,,,,,,,,75,"OFFICE MACHINES,ADP MACH",1,No Quantity,0,,,,,,52795792395,,,4
S3,2019,2019,2019,2,0,2,Export,860,Uzbekistan,UZB,0,World,WLD,,,,,,,,75,"OFFICE MACHINES,ADP MACH",1,No Quantity,0,,,,0,,291833,,,4
S3,2019,2019,2019,2,0,2,Export,894,Zambia,ZMB,0,World,WLD,,,,,,,,75,"OFFICE MACHINES,ADP MACH",1,No Quantity,0,,,,0,,1907426,,,0
S3,2019,2019,2019,2,0,2,Export,28,Antigua and Barbuda,ATG,0,World,WLD,,,,,,,,76,TELECOMM.SOUND EQUIP ETC,1,No Quantity,0,,,,0,,218020,,,0
S3,2019,2019,2019,2,0,2,Export,31,Azerbaijan,AZE,0,World,WLD,,,,,,,,76,TELECOMM.SOUND EQUIP ETC,1,No Quantity,0,,,,0,,2995689,,,0
S3,2019,2019,2019,2,0,2,Export,32,Argentina,ARG,0,World,WLD,,,,,,,,76,TELECOMM.SOUND EQUIP ETC,1,No Quantity,0,,,,0,,28990648,,,0
S3,2019,2019,2019,2,0,2,Export,36,Australia,AUS,0,World,WLD,,,,,,,,76,TELECOMM.SOUND EQUIP ETC,1,No Quantity,0,,,,,,1720401617,,,4
S3,2019,2019,2019,2,0,2,Export,40,Austria,AUT,0,World,WLD,,,,,,,,76,TELECOMM.SOUND EQUIP ETC,1,No Quantity,0,,,,0,,2082821499,,,4
S3,2019,2019,2019,2,0,2,Export,51,Armenia,ARM,0,World,WLD,,,,,,,,76,TELECOMM.SOUND EQUIP ETC,1,No Quantity,0,,,,0,,2359155,,,0
S3,2019,2019,2019,2,0,2,Export,56,Belgium,BEL,0,World,WLD,,,,,,,,76,TELECOMM.SOUND EQUIP ETC,1,No Quantity,0,,,,0,,4392098665,,,4
S3,2019,2019,2019,2,0,2,Export,70,Bosnia Herzegovina,BIH,0,World,WLD,,,,,,,,76,TELECOMM.SOUND EQUIP ETC,1,No Quantity,0,,,,0,,8447739,,,0
S3,2019,2019,2019,2,0,2,Export,72,Botswana,BWA,0,World,WLD,,,,,,,,76,TELECOMM.SOUND EQUIP ETC,1,No Quantity,0,,,,0,,6955843,,,4
S3,2019,2019,2019,2,0,2,Export,76,Brazil,BRA,0,World,WLD,,,,,,,,76,TELECOMM.SOUND EQUIP ETC,1,No Quantity,0,,,,0,,347608769,,,4
S3,2019,2019,2019,2,0,2,Export,84,Belize,BLZ,0,World,WLD,,,,,,,,76,TELECOMM.SOUND EQUIP ETC,1,No Quantity,0,,,,0,,148322,,,0
S3,2019,2019,2019,2,0,2,Export,96,Brunei Darussalam,BRN,0,World,WLD,,,,,,,,76,TELECOMM.SOUND EQUIP ETC,1,No Quantity,0,,,,0,,3473989,,,4
S3,2019,2019,2019,2,0,2,Export,100,Bulgaria,BGR,0,World,WLD,,,,,,,,76,TELECOMM.SOUND EQUIP ETC,1,No Quantity,0,,,,0,,383883762,,,4
S3,2019,2019,2019,2,0,2,Export,104,Myanmar,MMR,0,World,WLD,,,,,,,,76,TELECOMM.SOUND EQUIP ETC,1,No Quantity,0,,,,0,,100719420,,,4
S3,2019,2019,2019,2,0,2,Export,124,Canada,CAN,0,World,WLD,,,,,,,,76,TELECOMM.SOUND EQUIP ETC,1,No Quantity,0,,,,,,3674399314,,,4
S3,2019,2019,2019,2,0,2,Export,152,Chile,CHL,0,World,WLD,,,,,,,,76,TELECOMM.SOUND EQUIP ETC,1,No Quantity,0,,,,,,160702300,,,4
S3,2019,2019,2019,2,0,2,Export,170,Colombia,COL,0,World,WLD,,,,,,,,76,TELECOMM.SOUND EQUIP ETC,1,No Quantity,0,,,,0,,27810436,,,4
S3,2019,2019,2019,2,0,2,Export,174,Comoros,COM,0,World,WLD,,,,,,,,76,TELECOMM.SOUND EQUIP ETC,1,No Quantity,0,,,,0,,250078,,,0
S3,2019,2019,2019,2,0,2,Export,178,Congo,COG,0,World,WLD,,,,,,,,76,TELECOMM.SOUND EQUIP ETC,1,No Quantity,0,,,,,,413058,,,4
S3,2019,2019,2019,2,0,2,Export,191,Croatia,HRV,0,World,WLD,,,,,,,,76,TELECOMM.SOUND EQUIP ETC,1,No Quantity,0,,,,0,,219247029,,,4
S3,2019,2019,2019,2,0,2,Export,196,Cyprus,CYP,0,World,WLD,,,,,,,,76,TELECOMM.SOUND EQUIP ETC,1,No Quantity,0,,,,0,,63014132,,,4
S3,2019,2019,2019,2,0,2,Export,204,Benin,BEN,0,World,WLD,,,,,,,,76,TELECOMM.SOUND EQUIP ETC,1,No Quantity,0,,,,,,440046,,,4
S3,2019,2019,2019,2,0,2,Export,208,Denmark,DNK,0,World,WLD,,,,,,,,76,TELECOMM.SOUND EQUIP ETC,1,No Quantity,0,,,,0,,1855762525,,,4
S3,2019,2019,2019,2,0,2,Export,222,El Salvador,SLV,0,World,WLD,,,,,,,,76,TELECOMM.SOUND EQUIP ETC,1,No Quantity,0,,,,0,,5056603,,,0
S3,2019,2019,2019,2,0,2,Export,233,Estonia,EST,0,World,WLD,,,,,,,,76,TELECOMM.SOUND EQUIP ETC,1,No Quantity,0,,,,0,,1045529132,,,4
S3,2019,2019,2019,2,0,2,Export,246,Finland,FIN,0,World,WLD,,,,,,,,76,TELECOMM.SOUND EQUIP ETC,1,No Quantity,0,,,,0,,926314432,,,4
S3,2019,2019,2019,2,0,2,Export,251,France,FRA,0,World,WLD,,,,,,,,76,TELECOMM.SOUND EQUIP ETC,1,No Quantity,0,,,,0,,6828532345,,,4
S3,2019,2019,2019,2,0,2,Export,268,Georgia,GEO,0,World,WLD,,,,,,,,76,TELECOMM.SOUND EQUIP ETC,1,No Quantity,0,,,,0,,8824371,,,0
S3,2019,2019,2019,2,0,2,Export,270,Gambia,GMB,0,World,WLD,,,,,,,,76,TELECOMM.SOUND EQUIP ETC,1,No Quantity,0,,,,0,,9030,,,0
S3,2019,2019,2019,2,0,2,Export,276,Germany,DEU,0,World,WLD,,,,,,,,76,TELECOMM.SOUND EQUIP ETC,1,No Quantity,0,,,,0,,24253825227,,,4
S3,2019,2019,2019,2,0,2,Export,288,Ghana,GHA,0,World,WLD,,,,,,,,76,TELECOMM.SOUND EQUIP ETC,1,No Quantity,0,,,,,,2310438,,,4
S3,2019,2019,2019,2,0,2,Export,300,Greece,GRC,0,World,WLD,,,,,,,,76,TELECOMM.SOUND EQUIP ETC,1,No Quantity,0,,,,0,,255853352,,,4
S3,2019,2019,2019,2,0,2,Export,320,Guatemala,GTM,0,World,WLD,,,,,,,,76,TELECOMM.SOUND EQUIP ETC,1,No Quantity,0,,,,0,,10757571,,,4
S3,2019,2019,2019,2,0,2,Export,344,"China, Hong Kong SAR",HKG,0,World,WLD,,,,,,,,76,TELECOMM.SOUND EQUIP ETC,1,No Quantity,0,,,,0,,55512697357,,,4
S3,2019,2019,2019,2,0,2,Export,348,Hungary,HUN,0,World,WLD,,,,,,,,76,TELECOMM.SOUND EQUIP ETC,1,No Quantity,0,,,,0,,9519580051,,,4
S3,2019,2019,2019,2,0,2,Export,352,Iceland,ISL,0,World,WLD,,,,,,,,76,TELECOMM.SOUND EQUIP ETC,1,No Quantity,0,,,,0,,3444032,,,4
S3,2019,2019,2019,2,0,2,Export,360,Indonesia,IDN,0,World,WLD,,,,,,,,76,TELECOMM.SOUND EQUIP ETC,1,No Quantity,0,,,,0,,2581991390,,,4
S3,2019,2019,2019,2,0,2,Export,372,Ireland,IRL,0,World,WLD,,,,,,,,76,TELECOMM.SOUND EQUIP ETC,1,No Quantity,0,,,,0,,1518791979,,,4
S3,2019,2019,2019,2,0,2,Export,376,Israel,ISR,0,World,WLD,,,,,,,,76,TELECOMM.SOUND EQUIP ETC,1,No Quantity,0,,,,0,,1805809000,,,4
S3,2019,2019,2019,2,0,2,Export,381,Italy,ITA,0,World,WLD,,,,,,,,76,TELECOMM.SOUND EQUIP ETC,1,No Quantity,0,,,,0,,4105659357,,,4
S3,2019,2019,2019,2,0,2,Export,384,C么te d'Ivoire,CIV,0,World,WLD,,,,,,,,76,TELECOMM.SOUND EQUIP ETC,1,No Quantity,0,,,,0,,4132163,,,4
S3,2019,2019,2019,2,0,2,Export,388,Jamaica,JAM,0,World,WLD,,,,,,,,76,TELECOMM.SOUND EQUIP ETC,1,No Quantity,0,,,,0,,5067004,,,0
S3,2019,2019,2019,2,0,2,Export,392,Japan,JPN,0,World,WLD,,,,,,,,76,TELECOMM.SOUND EQUIP ETC,1,No Quantity,0,,,,,,7164645626,,,4
S3,2019,2019,2019,2,0,2,Export,398,Kazakhstan,KAZ,0,World,WLD,,,,,,,,76,TELECOMM.SOUND EQUIP ETC,1,No Quantity,0,,,,0,,41613722,,,4
S3,2019,2019,2019,2,0,2,Export,400,Jordan,JOR,0,World,WLD,,,,,,,,76,TELECOMM.SOUND EQUIP ETC,1,No Quantity,0,,,,0,,129519342,,,0
S3,2019,2019,2019,2,0,2,Export,410,Rep. of Korea,KOR,0,World,WLD,,,,,,,,76,TELECOMM.SOUND EQUIP ETC,1,No Quantity,0,,,,0,,9222913787,,,4
S3,2019,2019,2019,2,0,2,Export,418,Lao People's Dem. Rep.,LAO,0,World,WLD,,,,,,,,76,TELECOMM.SOUND EQUIP ETC,1,No Quantity,0,,,,0,,325066430,,,0
S3,2019,2019,2019,2,0,2,Export,428,Latvia,LVA,0,World,WLD,,,,,,,,76,TELECOMM.SOUND EQUIP ETC,1,No Quantity,0,,,,0,,976070135,,,4
S3,2019,2019,2019,2,0,2,Export,440,Lithuania,LTU,0,World,WLD,,,,,,,,76,TELECOMM.SOUND EQUIP ETC,1,No Quantity,0,,,,0,,570513592,,,4
S3,2019,2019,2019,2,0,2,Export,446,"China, Macao SAR",MAC,0,World,WLD,,,,,,,,76,TELECOMM.SOUND EQUIP ETC,1,No Quantity,0,,,,0,,194046159,,,0
S3,2019,2019,2019,2,0,2,Export,450,Madagascar,MDG,0,World,WLD,,,,,,,,76,TELECOMM.SOUND EQUIP ETC,1,No Quantity,0,,,,0,,926552,,,4
S3,2019,2019,2019,2,0,2,Export,458,Malaysia,MYS,0,World,WLD,,,,,,,,76,TELECOMM.SOUND EQUIP ETC,1,No Quantity,0,,,,,,9043964617,,,4
S3,2019,2019,2019,2,0,2,Export,470,Malta,MLT,0,World,WLD,,,,,,,,76,TELECOMM.SOUND EQUIP ETC,1,No Quantity,0,,,,0,,11006191,,,4
S3,2019,2019,2019,2,0,2,Export,480,Mauritius,MUS,0,World,WLD,,,,,,,,76,TELECOMM.SOUND EQUIP ETC,1,No Quantity,0,,,,0,,19821239,,,4
S3,2019,2019,2019,2,0,2,Export,484,Mexico,MEX,0,World,WLD,,,,,,,,76,TELECOMM.SOUND EQUIP ETC,1,No Quantity,0,,,,,,31406544303,,,4
S3,2019,2019,2019,2,0,2,Export,496,Mongolia,MNG,0,World,WLD,,,,,,,,76,TELECOMM.SOUND EQUIP ETC,1,No Quantity,0,,,,0,,276578,,,0
S3,2019,2019,2019,2,0,2,Export,498,Rep. of Moldova,MDA,0,World,WLD,,,,,,,,76,TELECOMM.SOUND EQUIP ETC,1,No Quantity,0,,,,0,,4338490,,,4
S3,2019,2019,2019,2,0,2,Export,504,Morocco,MAR,0,World,WLD,,,,,,,,76,TELECOMM.SOUND EQUIP ETC,1,No Quantity,0,,,,0,,167365159,,,4
S3,2019,2019,2019,2,0,2,Export,516,Namibia,NAM,0,World,WLD,,,,,,,,76,TELECOMM.SOUND EQUIP ETC,1,No Quantity,0,,,,0,,7647922,,,4
S3,2019,2019,2019,2,0,2,Export,528,Netherlands,NLD,0,World,WLD,,,,,,,,76,TELECOMM.SOUND EQUIP ETC,1,No Quantity,0,,,,0,,24841529253,,,4
S3,2019,2019,2019,2,0,2,Export,554,New Zealand,NZL,0,World,WLD,,,,,,,,76,TELECOMM.SOUND EQUIP ETC,1,No Quantity,0,,,,,,210283270,,,4
S3,2019,2019,2019,2,0,2,Export,579,Norway,NOR,0,World,WLD,,,,,,,,76,TELECOMM.SOUND EQUIP ETC,1,No Quantity,0,,,,0,,573623874,,,4
S3,2019,2019,2019,2,0,2,Export,586,Pakistan,PAK,0,World,WLD,,,,,,,,76,TELECOMM.SOUND EQUIP ETC,1,No Quantity,0,,,,,,7754384,,,4
S3,2019,2019,2019,2,0,2,Export,604,Peru,PER,0,World,WLD,,,,,,,,76,TELECOMM.SOUND EQUIP ETC,1,No Quantity,0,,,,,,12401124,,,4
S3,2019,2019,2019,2,0,2,Export,608,Philippines,PHL,0,World,WLD,,,,,,,,76,TELECOMM.SOUND EQUIP ETC,1,No Quantity,0,,,,,,2662969651,,,4
S3,2019,2019,2019,2,0,2,Export,616,Poland,POL,0,World,WLD,,,,,,,,76,TELECOMM.SOUND EQUIP ETC,1,No Quantity,0,,,,,,7451668771,,,4
S3,2019,2019,2019,2,0,2,Export,620,Portugal,PRT,0,World,WLD,,,,,,,,76,TELECOMM.SOUND EQUIP ETC,1,No Quantity,0,,,,0,,1501841089,,,4
S3,2019,2019,2019,2,0,2,Export,634,Qatar,QAT,0,World,WLD,,,,,,,,76,TELECOMM.SOUND EQUIP ETC,1,No Quantity,0,,,,0,,46401023,,,0
S3,2019,2019,2019,2,0,2,Export,642,Romania,ROU,0,World,WLD,,,,,,,,76,TELECOMM.SOUND EQUIP ETC,1,No Quantity,0,,,,,,1188592369,,,4
S3,2019,2019,2019,2,0,2,Export,643,Russian Federation,RUS,0,World,WLD,,,,,,,,76,TELECOMM.SOUND EQUIP ETC,1,No Quantity,0,,,,0,,2053106749,,,4
S3,2019,2019,2019,2,0,2,Export,646,Rwanda,RWA,0,World,WLD,,,,,,,,76,TELECOMM.SOUND EQUIP ETC,1,No Quantity,0,,,,0,,8516363,,,4
S3,2019,2019,2019,2,0,2,Export,678,Sao Tome and Principe,STP,0,World,WLD,,,,,,,,76,TELECOMM.SOUND EQUIP ETC,1,No Quantity,0,,,,0,,5143,,,0
S3,2019,2019,2019,2,0,2,Export,686,Senegal,SEN,0,World,WLD,,,,,,,,76,TELECOMM.SOUND EQUIP ETC,1,No Quantity,0,,,,0,,2252171,,,0
S3,2019,2019,2019,2,0,2,Export,688,Serbia,SRB,0,World,WLD,,,,,,,,76,TELECOMM.SOUND EQUIP ETC,1,No Quantity,0,,,,0,,82932609,,,4
S3,2019,2019,2019,2,0,2,Export,690,Seychelles,SYC,0,World,WLD,,,,,,,,76,TELECOMM.SOUND EQUIP ETC,1,No Quantity,0,,,,0,,187808,,,0
S3,2019,2019,2019,2,0,2,Export,699,India,IND,0,World,WLD,,,,,,,,76,TELECOMM.SOUND EQUIP ETC,1,No Quantity,0,,,,,,4299793771,,,4
S3,2019,2019,2019,2,0,2,Export,702,Singapore,SGP,0,World,WLD,,,,,,,,76,TELECOMM.SOUND EQUIP ETC,1,No Quantity,0,,,,,,11593176199,,,4
S3,2019,2019,2019,2,0,2,Export,703,Slovakia,SVK,0,World,WLD,,,,,,,,76,TELECOMM.SOUND EQUIP ETC,1,No Quantity,0,,,,0,,9825817389,,,4
S3,2019,2019,2019,2,0,2,Export,704,Viet Nam,VNM,0,World,WLD,,,,,,,,76,TELECOMM.SOUND EQUIP ETC,1,No Quantity,0,,,,0,,47376375025,,,4
S3,2019,2019,2019,2,0,2,Export,705,Slovenia,SVN,0,World,WLD,,,,,,,,76,TELECOMM.SOUND EQUIP ETC,1,No Quantity,0,,,,0,,322106158,,,0
S3,2019,2019,2019,2,0,2,Export,710,South Africa,ZAF,0,World,WLD,,,,,,,,76,TELECOMM.SOUND EQUIP ETC,1,No Quantity,0,,,,0,,418172126,,,0
S3,2019,2019,2019,2,0,2,Export,716,Zimbabwe,ZWE,0,World,WLD,,,,,,,,76,TELECOMM.SOUND EQUIP ETC,1,No Quantity,0,,,,0,,459081,,,0
S3,2019,2019,2019,2,0,2,Export,724,Spain,ESP,0,World,WLD,,,,,,,,76,TELECOMM.SOUND EQUIP ETC,1,No Quantity,0,,,,0,,2203165236,,,4
S3,2019,2019,2019,2,0,2,Export,740,Suriname,SUR,0,World,WLD,,,,,,,,76,TELECOMM.SOUND EQUIP ETC,1,No Quantity,0,,,,0,,1150733,,,0
S3,2019,2019,2019,2,0,2,Export,748,Eswatini,SWZ,0,World,WLD,,,,,,,,76,TELECOMM.SOUND EQUIP ETC,1,No Quantity,0,,,,0,,813239,,,4
S3,2019,2019,2019,2,0,2,Export,752,Sweden,SWE,0,World,WLD,,,,,,,,76,TELECOMM.SOUND EQUIP ETC,1,No Quantity,0,,,,0,,6348770833,,,4
S3,2019,2019,2019,2,0,2,Export,757,Switzerland,CHE,0,World,WLD,,,,,,,,76,TELECOMM.SOUND EQUIP ETC,1,No Quantity,0,,,,0,,903468571,,,4
S3,2019,2019,2019,2,0,2,Export,764,Thailand,THA,0,World,WLD,,,,,,,,76,TELECOMM.SOUND EQUIP ETC,1,No Quantity,0,,,,,,6505313703,,,4
S3,2019,2019,2019,2,0,2,Export,768,Togo,TGO,0,World,WLD,,,,,,,,76,TELECOMM.SOUND EQUIP ETC,1,No Quantity,0,,,,0,,594858,,,0
S3,2019,2019,2019,2,0,2,Export,788,Tunisia,TUN,0,World,WLD,,,,,,,,76,TELECOMM.SOUND EQUIP ETC,1,No Quantity,0,,,,0,,458492969,,,0
S3,2019,2019,2019,2,0,2,Export,792,Turkey,TUR,0,World,WLD,,,,,,,,76,TELECOMM.SOUND EQUIP ETC,1,No Quantity,0,,,,0,,1610751858,,,4
S3,2019,2019,2019,2,0,2,Export,807,North Macedonia,MKD,0,World,WLD,,,,,,,,76,TELECOMM.SOUND EQUIP ETC,1,No Quantity,0,,,,0,,4130483,,,4
S3,2019,2019,2019,2,0,2,Export,818,Egypt,EGY,0,World,WLD,,,,,,,,76,TELECOMM.SOUND EQUIP ETC,1,No Quantity,0,,,,,,859893458,,,4
S3,2019,2019,2019,2,0,2,Export,826,United Kingdom,GBR,0,World,WLD,,,,,,,,76,TELECOMM.SOUND EQUIP ETC,1,No Quantity,0,,,,0,,7850949540,,,4
S3,2019,2019,2019,2,0,2,Export,842,USA,USA,0,World,WLD,,,,,,,,76,TELECOMM.SOUND EQUIP ETC,1,No Quantity,0,,,,,,43030286826,,,4
S3,2019,2019,2019,2,0,2,Export,860,Uzbekistan,UZB,0,World,WLD,,,,,,,,76,TELECOMM.SOUND EQUIP ETC,1,No Quantity,0,,,,,,15349256,,,4
S3,2019,2019,2019,2,0,2,Export,894,Zambia,ZMB,0,World,WLD,,,,,,,,76,TELECOMM.SOUND EQUIP ETC,1,No Quantity,0,,,,0,,4414011,,,4
S3,2019,2019,2019,2,0,2,Export,28,Antigua and Barbuda,ATG,0,World,WLD,,,,,,,,78,ROAD VEHICLES,1,No Quantity,0,,,,0,,781393,,,0
S3,2019,2019,2019,2,0,2,Export,31,Azerbaijan,AZE,0,World,WLD,,,,,,,,78,ROAD VEHICLES,1,No Quantity,0,,,,0,,4279485,,,0
S3,2019,2019,2019,2,0,2,Export,32,Argentina,ARG,0,World,WLD,,,,,,,,78,ROAD VEHICLES,1,No Quantity,0,,,,0,,4275773496,,,0
S3,2019,2019,2019,2,0,2,Export,36,Australia,AUS,0,World,WLD,,,,,,,,78,ROAD VEHICLES,1,No Quantity,0,,,,0,,1334210679,,,4
S3,2019,2019,2019,2,0,2,Export,40,Austria,AUT,0,World,WLD,,,,,,,,78,ROAD VEHICLES,1,No Quantity,0,,,,0,,18986953377,,,4
S3,2019,2019,2019,2,0,2,Export,51,Armenia,ARM,0,World,WLD,,,,,,,,78,ROAD VEHICLES,1,No Quantity,0,,,,0,,23563970,,,0
S3,2019,2019,2019,2,0,2,Export,56,Belgium,BEL,0,World,WLD,,,,,,,,78,ROAD VEHICLES,1,No Quantity,0,,,,0,,54076444136,,,4
S3,2019,2019,2019,2,0,2,Export,70,Bosnia Herzegovina,BIH,0,World,WLD,,,,,,,,78,ROAD VEHICLES,1,No Quantity,0,,,,0,,210888081,,,4
S3,2019,2019,2019,2,0,2,Export,72,Botswana,BWA,0,World,WLD,,,,,,,,78,ROAD VEHICLES,1,No Quantity,0,,,,0,,30834972,,,4
S3,2019,2019,2019,2,0,2,Export,76,Brazil,BRA,0,World,WLD,,,,,,,,78,ROAD VEHICLES,1,No Quantity,0,,,,0,,8911840157,,,4
S3,2019,2019,2019,2,0,2,Export,84,Belize,BLZ,0,World,WLD,,,,,,,,78,ROAD VEHICLES,1,No Quantity,0,,,,0,,1011206,,,0
S3,2019,2019,2019,2,0,2,Export,96,Brunei Darussalam,BRN,0,World,WLD,,,,,,,,78,ROAD VEHICLES,1,No Quantity,0,,,,,,10385336,,,4
S3,2019,2019,2019,2,0,2,Export,100,Bulgaria,BGR,0,World,WLD,,,,,,,,78,ROAD VEHICLES,1,No Quantity,0,,,,0,,991050592,,,4
S3,2019,2019,2019,2,0,2,Export,104,Myanmar,MMR,0,World,WLD,,,,,,,,78,ROAD VEHICLES,1,No Quantity,0,,,,,,25999991,,,4
S3,2019,2019,2019,2,0,2,Export,124,Canada,CAN,0,World,WLD,,,,,,,,78,ROAD VEHICLES,1,No Quantity,0,,,,,,58941769824,,,4
S3,2019,2019,2019,2,0,2,Export,152,Chile,CHL,0,World,WLD,,,,,,,,78,ROAD VEHICLES,1,No Quantity,0,,,,0,,623770226,,,4
S3,2019,2019,2019,2,0,2,Export,170,Colombia,COL,0,World,WLD,,,,,,,,78,ROAD VEHICLES,1,No Quantity,0,,,,0,,656305904,,,4
S3,2019,2019,2019,2,0,2,Export,174,Comoros,COM,0,World,WLD,,,,,,,,78,ROAD VEHICLES,1,No Quantity,0,,,,0,,125112,,,0
S3,2019,2019,2019,2,0,2,Export,178,Congo,COG,0,World,WLD,,,,,,,,78,ROAD VEHICLES,1,No Quantity,0,,,,0,,10916903,,,4
S3,2019,2019,2019,2,0,2,Export,191,Croatia,HRV,0,World,WLD,,,,,,,,78,ROAD VEHICLES,1,No Quantity,0,,,,0,,927943798,,,4
S3,2019,2019,2019,2,0,2,Export,196,Cyprus,CYP,0,World,WLD,,,,,,,,78,ROAD VEHICLES,1,No Quantity,0,,,,0,,22007046,,,4
S3,2019,2019,2019,2,0,2,Export,204,Benin,BEN,0,World,WLD,,,,,,,,78,ROAD VEHICLES,1,No Quantity,0,,,,0,,2466856,,,0
S3,2019,2019,2019,2,0,2,Export,208,Denmark,DNK,0,World,WLD,,,,,,,,78,ROAD VEHICLES,1,No Quantity,0,,,,0,,3032312185,,,0
S3,2019,2019,2019,2,0,2,Export,222,El Salvador,SLV,0,World,WLD,,,,,,,,78,ROAD VEHICLES,1,No Quantity,0,,,,0,,11776559,,,4
S3,2019,2019,2019,2,0,2,Export,233,Estonia,EST,0,World,WLD,,,,,,,,78,ROAD VEHICLES,1,No Quantity,0,,,,0,,988326803,,,4
S3,2019,2019,2019,2,0,2,Export,246,Finland,FIN,0,World,WLD,,,,,,,,78,ROAD VEHICLES,1,No Quantity,0,,,,0,,4928268243,,,4
S3,2019,2019,2019,2,0,2,Export,251,France,FRA,0,World,WLD,,,,,,,,78,ROAD VEHICLES,1,No Quantity,0,,,,0,,51092480238,,,4
S3,2019,2019,2019,2,0,2,Export,268,Georgia,GEO,0,World,WLD,,,,,,,,78,ROAD VEHICLES,1,No Quantity,0,,,,0,,793075377,,,4
S3,2019,2019,2019,2,0,2,Export,270,Gambia,GMB,0,World,WLD,,,,,,,,78,ROAD VEHICLES,1,No Quantity,0,,,,0,,966114,,,0
S3,2019,2019,2019,2,0,2,Export,276,Germany,DEU,0,World,WLD,,,,,,,,78,ROAD VEHICLES,1,No Quantity,0,,,,0,,237825166488,,,4
S3,2019,2019,2019,2,0,2,Export,288,Ghana,GHA,0,World,WLD,,,,,,,,78,ROAD VEHICLES,1,No Quantity,0,,,,0,,4984446,,,0
S3,2019,2019,2019,2,0,2,Export,300,Greece,GRC,0,World,WLD,,,,,,,,78,ROAD VEHICLES,1,No Quantity,0,,,,0,,179578821,,,4
S3,2019,2019,2019,2,0,2,Export,320,Guatemala,GTM,0,World,WLD,,,,,,,,78,ROAD VEHICLES,1,No Quantity,0,,,,0,,43186640,,,4
S3,2019,2019,2019,2,0,2,Export,344,"China, Hong Kong SAR",HKG,0,World,WLD,,,,,,,,78,ROAD VEHICLES,1,No Quantity,0,,,,,,1348577334,,,4
S3,2019,2019,2019,2,0,2,Export,348,Hungary,HUN,0,World,WLD,,,,,,,,78,ROAD VEHICLES,1,No Quantity,0,,,,0,,21657245896,,,4
S3,2019,2019,2019,2,0,2,Export,352,Iceland,ISL,0,World,WLD,,,,,,,,78,ROAD VEHICLES,1,No Quantity,0,,,,0,,12666777,,,4
S3,2019,2019,2019,2,0,2,Export,360,Indonesia,IDN,0,World,WLD,,,,,,,,78,ROAD VEHICLES,1,No Quantity,0,,,,,,8066156860,,,4
S3,2019,2019,2019,2,0,2,Export,372,Ireland,IRL,0,World,WLD,,,,,,,,78,ROAD VEHICLES,1,No Quantity,0,,,,0,,426980455,,,4
S3,2019,2019,2019,2,0,2,Export,376,Israel,ISR,0,World,WLD,,,,,,,,78,ROAD VEHICLES,1,No Quantity,0,,,,,,148666000,,,4
S3,2019,2019,2019,2,0,2,Export,381,Italy,ITA,0,World,WLD,,,,,,,,78,ROAD VEHICLES,1,No Quantity,0,,,,0,,39564406036,,,4
S3,2019,2019,2019,2,0,2,Export,384,C么te d'Ivoire,CIV,0,World,WLD,,,,,,,,78,ROAD VEHICLES,1,No Quantity,0,,,,0,,29620320,,,0
S3,2019,2019,2019,2,0,2,Export,388,Jamaica,JAM,0,World,WLD,,,,,,,,78,ROAD VEHICLES,1,No Quantity,0,,,,0,,1498016,,,0
S3,2019,2019,2019,2,0,2,Export,392,Japan,JPN,0,World,WLD,,,,,,,,78,ROAD VEHICLES,1,No Quantity,0,,,,,,147119664453,,,4
S3,2019,2019,2019,2,0,2,Export,398,Kazakhstan,KAZ,0,World,WLD,,,,,,,,78,ROAD VEHICLES,1,No Quantity,0,,,,0,,100940023,,,4
S3,2019,2019,2019,2,0,2,Export,400,Jordan,JOR,0,World,WLD,,,,,,,,78,ROAD VEHICLES,1,No Quantity,0,,,,,,85653792,,,4
S3,2019,2019,2019,2,0,2,Export,410,Rep. of Korea,KOR,0,World,WLD,,,,,,,,78,ROAD VEHICLES,1,No Quantity,0,,,,0,,62246007562,,,4
S3,2019,2019,2019,2,0,2,Export,418,Lao People's Dem. Rep.,LAO,0,World,WLD,,,,,,,,78,ROAD VEHICLES,1,No Quantity,0,,,,0,,7057624,,,0
S3,2019,2019,2019,2,0,2,Export,428,Latvia,LVA,0,World,WLD,,,,,,,,78,ROAD VEHICLES,1,No Quantity,0,,,,0,,760597119,,,4
S3,2019,2019,2019,2,0,2,Export,440,Lithuania,LTU,0,World,WLD,,,,,,,,78,ROAD VEHICLES,1,No Quantity,0,,,,0,,1725227484,,,4
S3,2019,2019,2019,2,0,2,Export,446,"China, Macao SAR",MAC,0,World,WLD,,,,,,,,78,ROAD VEHICLES,1,No Quantity,0,,,,0,,9977607,,,0
S3,2019,2019,2019,2,0,2,Export,450,Madagascar,MDG,0,World,WLD,,,,,,,,78,ROAD VEHICLES,1,No Quantity,0,,,,0,,1709690,,,4
S3,2019,2019,2019,2,0,2,Export,458,Malaysia,MYS,0,World,WLD,,,,,,,,78,ROAD VEHICLES,1,No Quantity,0,,,,,,2205578192,,,4
S3,2019,2019,2019,2,0,2,Export,470,Malta,MLT,0,World,WLD,,,,,,,,78,ROAD VEHICLES,1,No Quantity,0,,,,0,,3775983,,,4
S3,2019,2019,2019,2,0,2,Export,480,Mauritius,MUS,0,World,WLD,,,,,,,,78,ROAD VEHICLES,1,No Quantity,0,,,,0,,2060856,,,0
S3,2019,2019,2019,2,0,2,Export,484,Mexico,MEX,0,World,WLD,,,,,,,,78,ROAD VEHICLES,1,No Quantity,0,,,,0,,116412851326,,,4
S3,2019,2019,2019,2,0,2,Export,496,Mongolia,MNG,0,World,WLD,,,,,,,,78,ROAD VEHICLES,1,No Quantity,0,,,,0,,36113085,,,0
S3,2019,2019,2019,2,0,2,Export,498,Rep. of Moldova,MDA,0,World,WLD,,,,,,,,78,ROAD VEHICLES,1,No Quantity,0,,,,0,,23386903,,,4
S3,2019,2019,2019,2,0,2,Export,504,Morocco,MAR,0,World,WLD,,,,,,,,78,ROAD VEHICLES,1,No Quantity,0,,,,0,,3826178639,,,0
S3,2019,2019,2019,2,0,2,Export,516,Namibia,NAM,0,World,WLD,,,,,,,,78,ROAD VEHICLES,1,No Quantity,0,,,,0,,78521134,,,4
S3,2019,2019,2019,2,0,2,Export,528,Netherlands,NLD,0,World,WLD,,,,,,,,78,ROAD VEHICLES,1,No Quantity,0,,,,0,,24649551140,,,4
S3,2019,2019,2019,2,0,2,Export,554,New Zealand,NZL,0,World,WLD,,,,,,,,78,ROAD VEHICLES,1,No Quantity,0,,,,,,198381004,,,4
S3,2019,2019,2019,2,0,2,Export,579,Norway,NOR,0,World,WLD,,,,,,,,78,ROAD VEHICLES,1,No Quantity,0,,,,0,,1001582968,,,4
S3,2019,2019,2019,2,0,2,Export,586,Pakistan,PAK,0,World,WLD,,,,,,,,78,ROAD VEHICLES,1,No Quantity,0,,,,0,,40675026,,,4
S3,2019,2019,2019,2,0,2,Export,604,Peru,PER,0,World,WLD,,,,,,,,78,ROAD VEHICLES,1,No Quantity,0,,,,0,,66676934,,,4
S3,2019,2019,2019,2,0,2,Export,608,Philippines,PHL,0,World,WLD,,,,,,,,78,ROAD VEHICLES,1,No Quantity,0,,,,,,992942697,,,4
S3,2019,2019,2019,2,0,2,Export,616,Poland,POL,0,World,WLD,,,,,,,,78,ROAD VEHICLES,1,No Quantity,0,,,,0,,29672869677,,,4
S3,2019,2019,2019,2,0,2,Export,620,Portugal,PRT,0,World,WLD,,,,,,,,78,ROAD VEHICLES,1,No Quantity,0,,,,0,,10049980881,,,4
S3,2019,2019,2019,2,0,2,Export,634,Qatar,QAT,0,World,WLD,,,,,,,,78,ROAD VEHICLES,1,No Quantity,0,,,,0,,324527843,,,0
S3,2019,2019,2019,2,0,2,Export,642,Romania,ROU,0,World,WLD,,,,,,,,78,ROAD VEHICLES,1,No Quantity,0,,,,0,,13030215015,,,4
S3,2019,2019,2019,2,0,2,Export,643,Russian Federation,RUS,0,World,WLD,,,,,,,,78,ROAD VEHICLES,1,No Quantity,0,,,,0,,3750735877,,,4
S3,2019,2019,2019,2,0,2,Export,646,Rwanda,RWA,0,World,WLD,,,,,,,,78,ROAD VEHICLES,1,No Quantity,0,,,,0,,16726301,,,0
S3,2019,2019,2019,2,0,2,Export,678,Sao Tome and Principe,STP,0,World,WLD,,,,,,,,78,ROAD VEHICLES,1,No Quantity,0,,,,0,,58623,,,0
S3,2019,2019,2019,2,0,2,Export,686,Senegal,SEN,0,World,WLD,,,,,,,,78,ROAD VEHICLES,1,No Quantity,0,,,,0,,28076114,,,0
S3,2019,2019,2019,2,0,2,Export,688,Serbia,SRB,0,World,WLD,,,,,,,,78,ROAD VEHICLES,1,No Quantity,0,,,,0,,951346843,,,4
S3,2019,2019,2019,2,0,2,Export,690,Seychelles,SYC,0,World,WLD,,,,,,,,78,ROAD VEHICLES,1,No Quantity,0,,,,,,2259987,,,4
S3,2019,2019,2019,2,0,2,Export,699,India,IND,0,World,WLD,,,,,,,,78,ROAD VEHICLES,1,No Quantity,0,,,,0,,16661422981,,,4
S3,2019,2019,2019,2,0,2,Export,702,Singapore,SGP,0,World,WLD,,,,,,,,78,ROAD VEHICLES,1,No Quantity,0,,,,,,3556689838,,,4
S3,2019,2019,2019,2,0,2,Export,703,Slovakia,SVK,0,World,WLD,,,,,,,,78,ROAD VEHICLES,1,No Quantity,0,,,,0,,29310689775,,,4
S3,2019,2019,2019,2,0,2,Export,704,Viet Nam,VNM,0,World,WLD,,,,,,,,78,ROAD VEHICLES,1,No Quantity,0,,,,0,,2930241031,,,4
S3,2019,2019,2019,2,0,2,Export,705,Slovenia,SVN,0,World,WLD,,,,,,,,78,ROAD VEHICLES,1,No Quantity,0,,,,0,,5633383431,,,0
S3,2019,2019,2019,2,0,2,Export,710,South Africa,ZAF,0,World,WLD,,,,,,,,78,ROAD VEHICLES,1,No Quantity,0,,,,0,,11416979966,,,4
S3,2019,2019,2019,2,0,2,Export,716,Zimbabwe,ZWE,0,World,WLD,,,,,,,,78,ROAD VEHICLES,1,No Quantity,0,,,,0,,4098086,,,4
S3,2019,2019,2019,2,0,2,Export,724,Spain,ESP,0,World,WLD,,,,,,,,78,ROAD VEHICLES,1,No Quantity,0,,,,,,53916472311,,,4
S3,2019,2019,2019,2,0,2,Export,740,Suriname,SUR,0,World,WLD,,,,,,,,78,ROAD VEHICLES,1,No Quantity,0,,,,0,,2690966,,,0
S3,2019,2019,2019,2,0,2,Export,748,Eswatini,SWZ,0,World,WLD,,,,,,,,78,ROAD VEHICLES,1,No Quantity,0,,,,0,,9908025,,,0
S3,2019,2019,2019,2,0,2,Export,752,Sweden,SWE,0,World,WLD,,,,,,,,78,ROAD VEHICLES,1,No Quantity,0,,,,0,,22688151476,,,4
S3,2019,2019,2019,2,0,2,Export,757,Switzerland,CHE,0,World,WLD,,,,,,,,78,ROAD VEHICLES,1,No Quantity,0,,,,0,,2395816452,,,4
S3,2019,2019,2019,2,0,2,Export,764,Thailand,THA,0,World,WLD,,,,,,,,78,ROAD VEHICLES,1,No Quantity,0,,,,,,26283911861,,,4
S3,2019,2019,2019,2,0,2,Export,768,Togo,TGO,0,World,WLD,,,,,,,,78,ROAD VEHICLES,1,No Quantity,0,,,,0,,62148979,,,0
S3,2019,2019,2019,2,0,2,Export,788,Tunisia,TUN,0,World,WLD,,,,,,,,78,ROAD VEHICLES,1,No Quantity,0,,,,0,,521595030,,,0
S3,2019,2019,2019,2,0,2,Export,792,Turkey,TUR,0,World,WLD,,,,,,,,78,ROAD VEHICLES,1,No Quantity,0,,,,0,,25865928816,,,4
S3,2019,2019,2019,2,0,2,Export,807,North Macedonia,MKD,0,World,WLD,,,,,,,,78,ROAD VEHICLES,1,No Quantity,0,,,,0,,356113424,,,4
S3,2019,2019,2019,2,0,2,Export,818,Egypt,EGY,0,World,WLD,,,,,,,,78,ROAD VEHICLES,1,No Quantity,0,,,,,,76833281,,,4
S3,2019,2019,2019,2,0,2,Export,826,United Kingdom,GBR,0,World,WLD,,,,,,,,78,ROAD VEHICLES,1,No Quantity,0,,,,0,,48813673653,,,4
S3,2019,2019,2019,2,0,2,Export,842,USA,USA,0,World,WLD,,,,,,,,78,ROAD VEHICLES,1,No Quantity,0,,,,0,,129201932554,,,4
S3,2019,2019,2019,2,0,2,Export,860,Uzbekistan,UZB,0,World,WLD,,,,,,,,78,ROAD VEHICLES,1,No Quantity,0,,,,,,158283185,,,4
S3,2019,2019,2019,2,0,2,Export,894,Zambia,ZMB,0,World,WLD,,,,,,,,78,ROAD VEHICLES,1,No Quantity,0,,,,0,,35614132,,,4
