"name";"Ticker";"cmp";"Sharpe Ratio";"Matrix Decision";"Stock Outperform";"Quaterly Growth";"sector";"Trading View Rec";"FinViz Rec";"Sell Action";"Buy Action";"Sentiment";"RSI Indicator"
"3M Company";"MMM";"156.93";"'-1.41";"Weak";"No";"Not Available";"Industrials";"Sell";"Hold";"Wait";"Wait";"Bullish";"None"
"A.O. Smith Corp";"AOS";"44.09";"'-0.99";"Moderately Weak";"No";"Not Available";"Industrials";"Sell";"Hold";"Wait";"None";"Not Available";"None"
"AFLAC Inc";"AFL";"51.53";"'-0.21";"Weak";"No";"Not Available";"Financials";"Sell";"Hold";"Wait";"None";"Not Available";"None"
"AMETEK Inc.";"AME";"99.34";"0.79";"Moderately Strong";"No";"Not Available";"Industrials";"Sell";"Buy";"Wait";"Wait";"Bullish";"None"
"AT&T Inc.";"T";"38.55";"0.74";"Strong";"Yes";"Not Available";"Telecommunication Services";"Buy";"Buy";"Sell";"None";"Bearish";"Overbought"
"AbbVie Inc.";"ABBV";"94.96";"0.41";"Strong";"Yes";"Not Available";"Health Care";"Buy";"Buy";"Sell";"Wait";"Bullish";"Overbought"
"Abbott Laboratories";"ABT";"87.45";"0.31";"Weak";"No";"Not Available";"Health Care";"Sell";"Buy";"Wait";"None";"Not Available";"None"
"Accenture plc";"ACN";"211.89";"1.14";"Moderately Strong";"No";"Not Available";"Information Technology";"Buy";"Buy";"Wait";"Wait";"Bullish";"None"
"Activision Blizzard";"ATVI";"63.375";"1.26";"Strong";"Yes";"Not Available";"Information Technology";"Buy";"Buy";"Sell";"Wait";"Bullish";"Overbought"
"Acuity Brands Inc";"AYI";"115.7";"'-0.49";"Weak";"No";"Not Available";"Industrials";"'-99";"Not Available";"Wait";"None";"Not Available";"None"
"Adobe Systems Inc";"ADBE";"372.95";"1.28";"Strong";"Yes";"Not Available";"Information Technology";"Buy";"Buy";"Wait";"None";"Not Available";"None"
"Advance Auto Parts";"AAP";"140.61";"'-0.75";"Moderately Weak";"No";"Not Available";"Consumer Discretionary";"Sell";"Buy";"Wait";"Wait";"Bullish";"None"
"Advanced Micro Devices Inc";"AMD";"53.28";"1.69";"Strong";"Yes";"Not Available";"Information Technology";"Buy";"Buy";"Wait";"None";"Not Available";"None"
"Affiliated Managers Group Inc";"AMG";"88.78";"'-0.85";"Moderately Weak";"No";"Not Available";"Financials";"Strong Buy";"Hold";"Sell";"None";"Not Available";"Overbought"
"Alaska Air Group Inc";"ALK";"65.43";"'-0.12";"Weak";"No";"Not Available";"Industrials";"Sell";"Buy";"Wait";"None";"Bearish";"None"
"Alexandria Real Estate Equities Inc";"ARE";"167.98";"0.77";"Moderately Strong";"No";"Not Available";"Real Estate";"Buy";"Not Available";"Wait";"None";"Not Available";"None"
"Alexion Pharmaceuticals";"ALXN";"103.14";"'-0.72";"Weak";"No";"Not Available";"Health Care";"Sell";"Buy";"Wait";"None";"Not Available";"None"
"Align Technology";"ALGN";"260.26";"0.08";"Moderately Weak";"No";"Not Available";"Health Care";"Sell";"Buy";"Wait";"None";"Not Available";"None"
"Alliance Data Systems";"ADS";"102.16";"'-1.77";"Weak";"No";"Not Available";"Information Technology";"Sell";"Buy";"Wait";"None";"Bearish";"None"
"Allstate Corp";"ALL";"123.62";"1.13";"Strong";"Yes";"Not Available";"Financials";"Buy";"Buy";"Wait";"None";"Not Available";"None"
"Alphabet Inc Class A";"GOOGL";"1483.46";"0.93";"Moderately Strong";"No";"Not Available";"Information Technology";"'-99";"Buy";"Wait";"Wait";"Bullish";"None"
"Alphabet Inc Class C";"GOOG";"1485.11";"0.94";"Moderately Strong";"No";"Not Available";"Information Technology";"Buy";"Buy";"Wait";"Wait";"Bullish";"None"
"Altria Group Inc";"MO";"45.89";"'-0.83";"Weak";"No";"Not Available";"Consumer Staples";"Sell";"Buy";"Wait";"None";"Not Available";"None"
"Amazon.com Inc.";"AMZN";"2095.97";"0.82";"Strong";"Yes";"Not Available";"Consumer Discretionary";"Buy";"Buy";"Wait";"None";"Neutral";"None"
"American Airlines Group";"AAL";"27.82";"'-0.81";"Moderately Weak";"No";"Not Available";"Industrials";"Strong Sell";"Buy";"Wait";"None";"Not Available";"None"
"American Express Co";"AXP";"134.9";"0.83";"Strong";"Yes";"Not Available";"Financials";"Buy";"Buy";"Wait";"None";"Not Available";"None"
"American International Group, Inc.";"AIG";"48.6";"0.23";"Weak";"No";"Not Available";"Financials";"Sell";"Buy";"Wait";"None";"Not Available";"None"
"American Water Works Company Inc";"AWK";"137.77";"1.53";"Moderately Strong";"No";"Not Available";"Utilities";"Buy";"Buy";"Wait";"None";"Not Available";"None"
"Ameriprise Financial";"AMP";"175.43";"0.77";"Strong";"Yes";"Not Available";"Financials";"Buy";"Buy";"Wait";"Wait";"Bullish";"None"
"AmerisourceBergen Corp";"ABC";"97";"0.23";"Moderately Weak";"No";"Not Available";"Health Care";"Strong Buy";"Buy";"Wait";"Wait";"Bullish";"Overbought"
"Amgen Inc.";"AMGN";"222.79";"0.45";"Strong";"Yes";"Not Available";"Health Care";"Sell";"Buy";"Wait";"None";"Not Available";"None"
"Amphenol Corp";"APH";"101.75";"'-0.01";"Weak";"No";"Not Available";"Information Technology";"Sell";"Buy";"Wait";"Wait";"Bullish";"None"
"Anthem Inc.";"ANTM";"294.71";"'-0.43";"Moderately Weak";"No";"Not Available";"Health Care";"Buy";"Buy";"Wait";"None";"Bearish";"None"
"Aon plc";"AON";"231.51";"1.17";"Strong";"Yes";"Not Available";"Financials";"Buy";"Hold";"Wait";"None";"Not Available";"None"
"Apartment Investment & Management";"AIV";"55.49";"0.11";"Moderately Weak";"No";"Not Available";"Real Estate";"Buy";"Hold";"Wait";"None";"Not Available";"Overbought"
"Apple Inc.";"AAPL";"313.05";"2.20";"Moderately Strong";"No";"Not Available";"Information Technology";"Sell";"Buy";"Wait";"None";"Bearish";"None"
"Aptiv Plc";"APTV";"90.07";"0.12";"Moderately Weak";"No";"Not Available";"Consumer Discretionary";"Buy";"Not Available";"Wait";"None";"Not Available";"None"
"Archer-Daniels-Midland Co";"ADM";"43.9";"'-0.24";"Weak";"No";"Not Available";"Consumer Staples";"Sell";"Buy";"Wait";"Wait";"Bullish";"None"
"Arconic Inc.";"ARNC";"33.47";"2.32";"Strong";"Yes";"Not Available";"Industrials";"Strong Buy";"Not Available";"Sell";"None";"Not Available";"Overbought"
"Arthur J. Gallagher & Co.";"AJG";"107.83";"1.33";"Strong";"Yes";"Not Available";"Financials";"Buy";"Buy";"Wait";"None";"Not Available";"None"
"Assurant Inc.";"AIZ";"140.1";"1.45";"Strong";"Yes";"Not Available";"Financials";"Strong Buy";"Buy";"Wait";"Wait";"Bullish";"None"
"AutoZone Inc";"AZO";"1068.03";"0.39";"Weak";"No";"Not Available";"Consumer Discretionary";"Sell";"Buy";"Wait";"None";"Not Available";"None"
"Automatic Data Processing";"ADP";"178.58";"0.39";"Weak";"No";"Not Available";"Information Technology";"Buy";"Hold";"Wait";"Wait";"Bullish";"None"
"AvalonBay Communities, Inc.";"AVB";"228.02";"0.44";"Moderately Weak";"No";"Not Available";"Real Estate";"Buy";"Buy";"Sell";"None";"Not Available";"Overbought"
"Avery Dennison Corp";"AVY";"133.95";"0.68";"Moderately Strong";"No";"Not Available";"Materials";"Sell";"Buy";"Wait";"None";"Not Available";"None"
"Ball Corp";"BLL";"76.86";"1.13";"Strong";"Yes";"Not Available";"Materials";"Buy";"Buy";"Wait";"None";"Bearish";"None"
"Bank of America Corp";"BAC";"34.36";"0.42";"Strong";"Yes";"Not Available";"Financials";"Buy";"Buy";"Wait";"Wait";"Bullish";"None"
"Becton Dickinson";"BDX";"257.35";"'-0.16";"Weak";"No";"Not Available";"Health Care";"Sell";"Buy";"Wait";"None";"Not Available";"None"
"Biogen Inc.";"BIIB";"336.71";"0.12";"Moderately Weak";"No";"Not Available";"Health Care";"Buy";"Hold";"Sell";"Wait";"Bullish";"Overbought"
"Boeing Company";"BA";"330.38";"'-1.11";"Moderately Weak";"No";"Not Available";"Industrials";"Sell";"Hold";"Wait";"None";"Bearish";"None"
"BorgWarner";"BWA";"33.98";"'-0.81";"Weak";"No";"Not Available";"Consumer Discretionary";"Strong Sell";"Buy";"Wait";"None";"Not Available";"None"
"Boston Properties";"BXP";"145.78";"'-0.10";"Weak";"No";"Not Available";"Real Estate";"Buy";"Buy";"Wait";"Wait";"Bullish";"None"
"Boston Scientific";"BSX";"42.62";"'-0.09";"Weak";"No";"Not Available";"Health Care";"Sell";"Buy";"Wait";"Wait";"Bullish";"None"
"Brighthouse Financial Inc";"BHF";"46.1";"0.11";"Moderately Weak";"No";"Not Available";"Financials";"Buy";"Not Available";"Sell";"None";"Not Available";"Overbought"
"Bristol-Myers Squibb";"BMY";"65.63";"0.84";"Strong";"Yes";"Not Available";"Health Care";"Buy";"Buy";"Wait";"None";"Bearish";"None"
"C. H. Robinson Worldwide";"CHRW";"74.55";"'-1.01";"Moderately Weak";"No";"Not Available";"Industrials";"Buy";"Hold";"Wait";"None";"Bearish";"None"
"CF Industries Holdings Inc";"CF";"39.35";"'-0.57";"Weak";"No";"Not Available";"Materials";"Sell";"Buy";"Wait";"None";"Not Available";"None"
"CIGNA Corp.";"CI";"217.19";"0.20";"Moderately Weak";"No";"Not Available";"Health Care";"Buy";"Buy";"Sell";"Wait";"Bullish";"Overbought"
"CME Group Inc.";"CME";"208.83";"0.41";"Weak";"No";"Not Available";"Financials";"Sell";"Buy";"Wait";"None";"Bearish";"None"
"CMS Energy";"CMS";"68.45";"1.05";"Moderately Strong";"No";"Not Available";"Utilities";"Buy";"Buy";"Wait";"Wait";"Bullish";"None"
"CSX Corp.";"CSX";"79.56";"0.03";"Moderately Weak";"No";"Not Available";"Industrials";"Buy";"Hold";"Wait";"Wait";"Bullish";"None"
"CVS Health";"CVS";"71.51";"0.30";"Moderately Weak";"No";"Not Available";"Consumer Staples";"Hold";"Buy";"Wait";"None";"Not Available";"None"
"Cadence Design Systems";"CDNS";"74.73";"0.82";"Strong";"Yes";"Not Available";"Information Technology";"Buy";"Buy";"Wait";"None";"Not Available";"None"
"Capital One Financial";"COF";"101.15";"0.63";"Moderately Strong";"No";"Not Available";"Financials";"Sell";"Buy";"Wait";"Wait";"Bullish";"None"
"Carmax Inc";"KMX";"101.21";"1.77";"Strong";"Yes";"Not Available";"Consumer Discretionary";"Buy";"Buy";"Sell";"None";"Bearish";"Overbought"
"Carnival Corp.";"CCL";"41.69";"'-1.40";"Weak";"No";"Not Available";"Consumer Discretionary";"Sell";"Hold";"Wait";"None";"Not Available";"None"
"Caterpillar Inc.";"CAT";"137.21";"'-0.34";"Moderately Weak";"No";"Not Available";"Industrials";"Sell";"Buy";"Wait";"Wait";"Bullish";"None"
"Cboe Global Markets";"CBOE";"122.61";"0.83";"Moderately Strong";"No";"Not Available";"Financials";"'-99";"Hold";"Wait";"Wait";"Bullish";"None"
"Centene Corporation";"CNC";"65.49";"'-0.03";"Moderately Weak";"No";"Not Available";"Health Care";"Buy";"Buy";"Wait";"Wait";"Bullish";"None"
"CenturyLink Inc";"CTL";"13.22";"'-0.13";"Weak";"No";"Not Available";"Telecommunication Services";"Sell";"Hold";"Wait";"None";"Not Available";"None"
"Cerner";"CERN";"76.07";"0.96";"Strong";"Yes";"Not Available";"Health Care";"Buy";"Buy";"Wait";"None";"Not Available";"None"
"Charles Schwab Corporation";"SCHW";"46.19";"'-0.18";"Weak";"No";"Not Available";"Financials";"Sell";"Buy";"Wait";"Wait";"Bullish";"None"
"Charter Communications";"CHTR";"535.34";"2.02";"Moderately Strong";"No";"Not Available";"Consumer Discretionary";"Buy";"Buy";"Wait";"Wait";"Bullish";"None"
"Chevron Corp.";"CVX";"109.01";"'-0.95";"Weak";"No";"Not Available";"Energy";"Sell";"Buy";"Wait";"None";"Bearish";"None"
"Chipotle Mexican Grill";"CMG";"920.14";"1.54";"Strong";"Yes";"Not Available";"Consumer Discretionary";"Strong Buy";"Buy";"Wait";"None";"Not Available";"None"
"Chubb Limited";"CB";"163.75";"0.66";"Strong";"Yes";"Not Available";"Financials";"Buy";"Not Available";"Sell";"None";"Not Available";"Overbought"
"Church & Dwight";"CHD";"76.61";"0.35";"Weak";"No";"Not Available";"Consumer Staples";"Buy";"Hold";"Wait";"None";"Not Available";"None"
"Cincinnati Financial";"CINF";"111.32";"0.99";"Strong";"Yes";"Not Available";"Financials";"Buy";"Hold";"Wait";"Wait";"Bullish";"None"
"Cintas Corporation";"CTAS";"293.36";"1.37";"Strong";"Yes";"Not Available";"Industrials";"Buy";"Buy";"Wait";"None";"Not Available";"None"
"Citigroup Inc.";"C";"76.44";"0.44";"Moderately Strong";"No";"Not Available";"Financials";"Sell";"Buy";"Wait";"Wait";"Bullish";"None"
"Citizens Financial Group";"CFG";"37.61";"'-0.22";"Weak";"No";"Not Available";"Financials";"Sell";"Buy";"Wait";"Wait";"Bullish";"None"
"Citrix Systems";"CTXS";"116.08";"0.08";"Weak";"No";"Not Available";"Information Technology";"Sell";"Hold";"Wait";"Wait";"Not Available";"Oversold"
"Coca-Cola Company (The)";"KO";"60.13";"1.34";"Moderately Strong";"No";"Not Available";"Consumer Staples";"Buy";"Buy";"Wait";"None";"Not Available";"Overbought"
"Cognizant Technology Solutions";"CTSH";"70.09";"'-0.42";"Moderately Weak";"No";"Not Available";"Information Technology";"Strong Buy";"Hold";"Sell";"None";"Not Available";"Overbought"
"Colgate-Palmolive";"CL";"76.27";"0.27";"Weak";"No";"Not Available";"Consumer Staples";"Buy";"Hold";"Wait";"None";"Not Available";"None"
"Comcast Corp.";"CMCSA";"45.82";"0.48";"Strong";"Yes";"Not Available";"Consumer Discretionary";"Buy";"Buy";"Sell";"Wait";"Bullish";"Overbought"
"Comerica Inc.";"CMA";"62.48";"'-1.57";"Weak";"No";"Not Available";"Financials";"Strong Sell";"Hold";"Wait";"None";"Bearish";"None"
"Conagra Brands";"CAG";"29.59";"0.55";"Moderately Strong";"No";"Not Available";"Consumer Staples";"Sell";"Buy";"Wait";"Wait";"Not Available";"Oversold"
"Concho Resources";"CXO";"79.38";"'-0.67";"Moderately Weak";"No";"Not Available";"Energy";"Sell";"Buy";"Wait";"Wait";"Bullish";"None"
"ConocoPhillips";"COP";"58.44";"'-0.88";"Weak";"No";"Not Available";"Energy";"Sell";"Buy";"Wait";"None";"Not Available";"None"
"Constellation Brands";"STZ";"207.4";"0.56";"Strong";"Yes";"Not Available";"Consumer Staples";"Buy";"Buy";"Sell";"None";"Not Available";"Overbought"
"Corning Inc.";"GLW";"27.96";"'-1.13";"Moderately Weak";"No";"Not Available";"Information Technology";"Sell";"Buy";"Wait";"Wait";"Bullish";"None"
"Costco Wholesale Corp.";"COST";"321.95";"1.97";"Strong";"Yes";"Not Available";"Consumer Staples";"Buy";"Buy";"Sell";"Wait";"Bullish";"Overbought"
"Coty, Inc";"COTY";"11.24";"'-0.05";"Moderately Weak";"No";"Not Available";"Consumer Staples";"Hold";"Not Available";"Wait";"None";"Not Available";"None"
"Cummins Inc.";"CMI";"167.46";"0.00";"Moderately Weak";"No";"Not Available";"Industrials";"Sell";"Hold";"Wait";"Wait";"Bullish";"None"
"D. R. Horton";"DHI";"61.88";"1.49";"Strong";"Yes";"Not Available";"Consumer Discretionary";"Buy";"Buy";"Sell";"Wait";"Bullish";"Overbought"
"DTE Energy Co.";"DTE";"134.96";"'-0.04";"Weak";"No";"Not Available";"Utilities";"Buy";"Buy";"None";"None";"Not Available";"None"
"DXC Technology";"DXC";"29.25";"'-1.54";"Weak";"No";"Not Available";"Information Technology";"Sell";"Not Available";"Wait";"None";"Not Available";"None"
"Danaher Corp.";"DHR";"161.88";"1.37";"Moderately Strong";"No";"Not Available";"Health Care";"Sell";"Buy";"Wait";"None";"Not Available";"None"
"Darden Restaurants";"DRI";"121.1";"0.01";"Moderately Weak";"No";"Not Available";"Consumer Discretionary";"Buy";"Buy";"Sell";"None";"Not Available";"Overbought"
"Delta Air Lines Inc.";"DAL";"57.87";"0.19";"Moderately Weak";"No";"Not Available";"Industrials";"Sell";"Buy";"Wait";"None";"Not Available";"None"
"Devon Energy Corp.";"DVN";"20.97";"'-0.86";"Weak";"No";"Not Available";"Energy";"Strong Sell";"Buy";"Wait";"None";"Not Available";"None"
"Digital Realty Trust Inc";"DLR";"138.13";"0.38";"Moderately Weak";"No";"Not Available";"Real Estate";"Buy";"Buy";"Wait";"None";"Not Available";"Overbought"
"Discover Financial Services";"DFS";"75.32";"'-0.07";"Weak";"No";"Not Available";"Financials";"Sell";"Buy";"Wait";"None";"Bearish";"None"
"Dish Network";"DISH";"40.73";"0.68";"Strong";"Yes";"Not Available";"Consumer Discretionary";"Buy";"Hold";"Sell";"None";"Not Available";"Overbought"
"Dominion Energy";"D";"89.38";"0.60";"Moderately Weak";"No";"Not Available";"Utilities";"Buy";"Buy";"Wait";"Wait";"Bullish";"Overbought"
"Dover Corp.";"DOV";"119.44";"0.88";"Strong";"Yes";"Not Available";"Industrials";"Strong Buy";"Buy";"Wait";"Wait";"Bullish";"None"
"Duke Energy";"DUK";"102.43";"0.31";"Moderately Weak";"No";"Not Available";"Utilities";"Buy";"Hold";"Wait";"None";"Neutral";"Overbought"
"E*Trade";"ETFC";"53.35";"0.16";"Moderately Weak";"No";"Not Available";"Financials";"Strong Buy";"Buy";"Sell";"Wait";"Bullish";"Overbought"
"Eastman Chemical";"EMN";"73.6";"'-0.70";"Weak";"No";"Not Available";"Materials";"Sell";"Buy";"Wait";"Wait";"Bullish";"None"
"Eaton Corporation";"ETN";"104.93";"0.85";"Strong";"Yes";"Not Available";"Industrials";"Buy";"Buy";"Sell";"Wait";"Bullish";"Overbought"
"Ecolab Inc.";"ECL";"207.5";"0.79";"Strong";"Yes";"Not Available";"Materials";"Buy";"Buy";"Wait";"None";"Not Available";"None"
"Edwards Lifesciences";"EW";"231.25";"0.88";"Strong";"Yes";"Not Available";"Health Care";"Buy";"Buy";"Wait";"None";"Bearish";"None"
"Electronic Arts";"EA";"108.01";"0.21";"Moderately Weak";"No";"Not Available";"Information Technology";"Sell";"Buy";"Wait";"None";"Not Available";"None"
"Emerson Electric Company";"EMR";"72.09";"'-0.11";"Weak";"No";"Not Available";"Industrials";"Sell";"Buy";"Wait";"Wait";"Bullish";"None"
"Entergy Corp.";"ETR";"129.96";"1.80";"Moderately Strong";"No";"Not Available";"Utilities";"Buy";"Buy";"Wait";"None";"Not Available";"None"
"Equifax Inc.";"EFX";"159.53";"1.45";"Strong";"Yes";"Not Available";"Industrials";"Buy";"Buy";"Wait";"None";"Not Available";"None"
"Equinix";"EQIX";"655.99";"1.80";"Strong";"Yes";"Not Available";"Real Estate";"Buy";"Buy";"Wait";"None";"Not Available";"Overbought"
"Equity Residential";"EQR";"87.01";"0.50";"Moderately Weak";"No";"Not Available";"Real Estate";"Strong Buy";"Hold";"Sell";"None";"Not Available";"Overbought"
"Essex Property Trust, Inc.";"ESS";"329.03";"0.46";"Moderately Weak";"No";"Not Available";"Real Estate";"Strong Buy";"Buy";"Sell";"None";"Not Available";"Overbought"
"Estee Lauder Cos.";"EL";"209.27";"0.85";"Strong";"Yes";"Not Available";"Consumer Staples";"Buy";"Buy";"Wait";"Wait";"Bullish";"None"
"Everest Re Group Ltd.";"RE";"289.85";"1.05";"Strong";"Yes";"Not Available";"Financials";"Strong Buy";"Hold";"Wait";"Wait";"Bullish";"None"
"Exelon Corp.";"EXC";"49.72";"'-0.44";"Moderately Weak";"No";"Not Available";"Utilities";"'-99";"Buy";"Wait";"None";"Not Available";"None"
"Expedia Inc.";"EXPE";"120.12";"'-0.24";"Moderately Weak";"No";"Not Available";"Consumer Discretionary";"Buy";"Buy";"Sell";"None";"Not Available";"Overbought"
"Expeditors International";"EXPD";"75.41";"'-0.40";"Moderately Weak";"No";"Not Available";"Industrials";"Buy";"Hold";"Wait";"Wait";"Bullish";"None"
"Extra Space Storage";"EXR";"109.2";"0.35";"Weak";"No";"Not Available";"Real Estate";"Sell";"Hold";"Wait";"None";"Bearish";"None"
"Exxon Mobil Corp.";"XOM";"59.13";"'-1.91";"Weak";"No";"Not Available";"Energy";"Strong Sell";"Hold";"Wait";"None";"Bearish";"None"
"F5 Networks";"FFIV";"133.36";"'-1.25";"Moderately Weak";"No";"Not Available";"Information Technology";"Buy";"Hold";"Sell";"Wait";"Bullish";"Overbought"
"FMC Corporation";"FMC";"106.58";"0.46";"Strong";"Yes";"Not Available";"Materials";"Buy";"Buy";"Wait";"None";"Not Available";"None"
"Facebook, Inc.";"FB";"210.18";"0.76";"Strong";"Yes";"Not Available";"Information Technology";"Sell";"Buy";"Wait";"Wait";"Bullish";"None"
"Fastenal Co";"FAST";"38.86";"'-0.56";"Moderately Weak";"No";"Not Available";"Industrials";"Buy";"Hold";"Sell";"None";"Bearish";"Overbought"
"FedEx Corporation";"FDX";"163.25";"'-0.46";"Moderately Weak";"No";"Not Available";"Industrials";"Buy";"Buy";"Sell";"None";"Bearish";"Overbought"
"Federal Realty Investment Trust";"FRT";"129";"'-0.87";"Moderately Weak";"No";"Not Available";"Real Estate";"Buy";"Buy";"Wait";"None";"Bearish";"None"
"Fidelity National Information Services";"FIS";"154.93";"1.51";"Strong";"Yes";"Not Available";"Information Technology";"Buy";"Buy";"Wait";"Wait";"Bullish";"None"
"Fifth Third Bancorp";"FITB";"29.4";"'-0.07";"Weak";"No";"Not Available";"Financials";"Sell";"Buy";"Wait";"Wait";"Bullish";"None"
"FirstEnergy Corp";"FE";"51.57";"1.05";"Moderately Strong";"No";"Not Available";"Utilities";"Buy";"Buy";"Wait";"Wait";"Bullish";"None"
"Fiserv Inc";"FISV";"119.49";"1.23";"Moderately Strong";"No";"Not Available";"Information Technology";"Sell";"Buy";"Wait";"Wait";"Bullish";"None"
"Flowserve Corporation";"FLS";"45.99";"'-0.23";"Weak";"No";"Not Available";"Industrials";"Sell";"Hold";"Wait";"None";"Not Available";"None"
"Ford Motor";"F";"7.89";"'-0.62";"Weak";"No";"Not Available";"Consumer Discretionary";"Strong Sell";"Hold";"Wait";"Wait";"Not Available";"Oversold"
"Fortive Corp";"FTV";"75.81";"'-0.70";"Weak";"No";"Not Available";"Industrials";"Sell";"Buy";"Wait";"Wait";"Bullish";"None"
"Fortune Brands Home & Security";"FBHS";"71.03";"1.27";"Strong";"Yes";"Not Available";"Industrials";"Buy";"Hold";"Wait";"Wait";"Bullish";"None"
"Franklin Resources";"BEN";"25.2";"'-1.25";"Weak";"No";"Not Available";"Financials";"Sell";"Sell";"Wait";"None";"Bearish";"None"
"Freeport-McMoRan Inc.";"FCX";"11.94";"'-0.34";"Moderately Weak";"No";"Not Available";"Materials";"Buy";"Buy";"Wait";"Wait";"Bullish";"None"
"Garmin Ltd.";"GRMN";"96.58";"0.35";"Weak";"No";"Not Available";"Consumer Discretionary";"Sell";"Hold";"Wait";"Wait";"Bullish";"None"
"Gartner Inc";"IT";"155.46";"0.10";"Weak";"No";"Not Available";"Information Technology";"Buy";"Buy";"Wait";"None";"Not Available";"None"
"General Dynamics";"GD";"187.6";"0.01";"Moderately Weak";"No";"Not Available";"Industrials";"Strong Buy";"Buy";"Sell";"None";"Not Available";"Overbought"
"General Electric";"GE";"12.25";"0.42";"Moderately Strong";"No";"Not Available";"Industrials";"Sell";"Buy";"Wait";"None";"Not Available";"None"
"General Mills";"GIS";"53.92";"0.35";"Weak";"No";"Not Available";"Consumer Staples";"Buy";"Hold";"Wait";"None";"Not Available";"None"
"General Motors";"GM";"34.65";"'-0.92";"Moderately Weak";"No";"Not Available";"Consumer Discretionary";"Sell";"Buy";"Wait";"None";"Bearish";"None"
"Genuine Parts";"GPC";"96.21";"'-1.14";"Weak";"No";"Not Available";"Consumer Discretionary";"Sell";"Hold";"Wait";"Wait";"Bullish";"None"
"Gilead Sciences";"GILD";"69.7";"'-0.09";"Moderately Weak";"No";"Not Available";"Health Care";"Strong Buy";"Buy";"None";"None";"Neutral";"None"
"Global Payments Inc.";"GPN";"204.39";"1.91";"Strong";"Yes";"Not Available";"Information Technology";"Buy";"Buy";"Wait";"Wait";"Bullish";"None"
"Goldman Sachs Group";"GS";"230.62";"0.40";"Moderately Strong";"No";"Not Available";"Financials";"Sell";"Buy";"Wait";"None";"Not Available";"None"
"Goodyear Tire & Rubber";"GT";"10.845";"'-1.61";"Weak";"No";"Not Available";"Consumer Discretionary";"Strong Sell";"Not Available";"Wait";"Wait";"Not Available";"Oversold"
"Grainger (W.W.) Inc.";"GWW";"303.32";"'-0.37";"Weak";"No";"Not Available";"Industrials";"Sell";"Hold";"Wait";"None";"Bearish";"None"
"HCA Holdings";"HCA";"148";"'-0.13";"Moderately Weak";"No";"Not Available";"Health Care";"Buy";"Buy";"Wait";"Wait";"Bullish";"None"
"Halliburton Co.";"HAL";"21.26";"'-1.12";"Weak";"No";"Not Available";"Energy";"Sell";"Buy";"Wait";"Wait";"Bullish";"None"
"Hanesbrands Inc";"HBI";"14.49";"'-0.96";"Moderately Weak";"No";"Not Available";"Consumer Discretionary";"Buy";"Hold";"Wait";"Wait";"Bullish";"None"
"Harley-Davidson";"HOG";"35.19";"'-0.35";"Moderately Weak";"No";"Not Available";"Consumer Discretionary";"Sell";"Hold";"Wait";"None";"Not Available";"None"
"Hartford Financial Svc.Gp.";"HIG";"58.05";"0.53";"Weak";"No";"Not Available";"Financials";"Sell";"Buy";"Wait";"None";"Not Available";"None"
"Hasbro Inc.";"HAS";"89.97";"0.02";"Weak";"No";"Not Available";"Consumer Discretionary";"Sell";"Buy";"Wait";"Wait";"Bearish";"Oversold"
"Helmerich & Payne";"HP";"44.9";"'-0.59";"Moderately Weak";"No";"Not Available";"Energy";"Buy";"Hold";"Sell";"None";"Bearish";"Overbought"
"Hess Corporation";"HES";"64.42";"0.23";"Moderately Weak";"No";"Not Available";"Energy";"Buy";"Buy";"Sell";"None";"Not Available";"Overbought"
"Hilton Worldwide Holdings Inc";"HLT";"109.57";"0.85";"Moderately Strong";"No";"Not Available";"Consumer Discretionary";"Sell";"Buy";"Wait";"Wait";"Bullish";"None"
"Hologic";"HOLX";"52.59";"0.17";"Weak";"No";"Not Available";"Health Care";"Sell";"Buy";"Wait";"Wait";"Bullish";"None"
"Honeywell Int'l Inc.";"HON";"179.88";"0.44";"Moderately Weak";"No";"Not Available";"Industrials";"Buy";"Buy";"Wait";"Wait";"Bullish";"None"
"Host Hotels & Resorts";"HST";"17.38";"'-1.23";"Moderately Weak";"No";"Not Available";"Real Estate";"Buy";"Hold";"Sell";"Wait";"Bullish";"Overbought"
"Humana Inc.";"HUM";"369.67";"0.41";"Strong";"Yes";"Not Available";"Health Care";"Buy";"Buy";"Wait";"Wait";"Bullish";"None"
"Huntington Bancshares";"HBAN";"13.91";"'-0.44";"Weak";"No";"Not Available";"Financials";"Sell";"Hold";"Wait";"Wait";"Bullish";"None"
"Huntington Ingalls Industries";"HII";"236.02";"0.05";"Weak";"No";"Not Available";"Industrials";"Sell";"Buy";"Wait";"Wait";"Bullish";"Oversold"
"IDEXX Laboratories";"IDXX";"278.11";"0.88";"Moderately Strong";"No";"Not Available";"Health Care";"Sell";"Buy";"Wait";"None";"Bearish";"None"
"IHS Markit Ltd.";"INFO";"79.06";"1.93";"Moderately Strong";"No";"Not Available";"Industrials";"'-99";"Buy";"Wait";"None";"Not Available";"None"
"IPG Photonics Corp.";"IPGP";"135.01";"'-0.32";"Weak";"No";"Not Available";"Information Technology";"Sell";"Buy";"Wait";"None";"Bearish";"None"
"IQVIA Holdings Inc.";"IQV";"163.43";"0.28";"Moderately Weak";"No";"Not Available";"Health Care";"Buy";"Buy";"Wait";"None";"Not Available";"None"
"Illinois Tool Works";"ITW";"189.58";"0.90";"Strong";"Yes";"Not Available";"Industrials";"Strong Buy";"Hold";"Sell";"Wait";"Bullish";"Overbought"
"Illumina Inc";"ILMN";"295.94";"'-0.20";"Weak";"No";"Not Available";"Health Care";"Sell";"Buy";"Wait";"None";"Not Available";"None"
"Incyte";"INCY";"80.89";"'-0.33";"Moderately Weak";"No";"Not Available";"Health Care";"Buy";"Buy";"Sell";"None";"Not Available";"Overbought"
"Ingersoll-Rand PLC";"IR";"145.64";"1.25";"Strong";"Yes";"Not Available";"Industrials";"Buy";"Buy";"Sell";"Wait";"Bullish";"Overbought"
"Intel Corp.";"INTC";"64.34";"0.52";"Moderately Strong";"No";"Not Available";"Information Technology";"Hold";"Hold";"Wait";"None";"Not Available";"None"
"Intercontinental Exchange";"ICE";"94.75";"0.82";"Moderately Strong";"No";"Not Available";"Financials";"Sell";"Buy";"Wait";"None";"Not Available";"None"
"International Business Machines";"IBM";"149.84";"'-0.03";"Weak";"No";"Not Available";"Information Technology";"Buy";"Hold";"Wait";"Wait";"Bullish";"None"
"International Paper";"IP";"43.27";"'-0.58";"Moderately Weak";"No";"Not Available";"Materials";"Sell";"Hold";"Wait";"Wait";"Bullish";"None"
"Interpublic Group";"IPG";"24.41";"'-0.22";"Moderately Weak";"No";"Not Available";"Consumer Discretionary";"Buy";"Hold";"Wait";"None";"Bearish";"None"
"Intl Flavors & Fragrances";"IFF";"132.18";"'-0.07";"Weak";"No";"Not Available";"Materials";"Sell";"Hold";"Wait";"None";"Bearish";"None"
"Intuitive Surgical Inc.";"ISRG";"613.08";"0.15";"Moderately Weak";"No";"Not Available";"Health Care";"Buy";"Buy";"Sell";"Wait";"Bullish";"Overbought"
"Invesco Ltd.";"IVZ";"17.48";"'-0.51";"Weak";"No";"Not Available";"Financials";"Sell";"Hold";"Wait";"Wait";"Bullish";"None"
"Iron Mountain Incorporated";"IRM";"34.45";"'-0.45";"Moderately Weak";"No";"Not Available";"Real Estate";"Buy";"Hold";"Sell";"None";"Not Available";"Overbought"
"J. B. Hunt Transport Services";"JBHT";"109.7";"'-0.25";"Weak";"No";"Not Available";"Industrials";"Sell";"Hold";"Wait";"None";"Bearish";"None"
"JPMorgan Chase & Co.";"JPM";"135.81";"0.93";"Moderately Strong";"No";"Not Available";"Financials";"Sell";"Hold";"Wait";"Wait";"Bullish";"None"
"Johnson & Johnson";"JNJ";"149.93";"0.04";"Weak";"No";"Not Available";"Health Care";"Buy";"Buy";"Wait";"None";"Not Available";"None"
"Johnson Controls International";"JCI";"42.45";"0.49";"Strong";"Yes";"Not Available";"Industrials";"Buy";"Buy";"Sell";"None";"Bearish";"Overbought"
"Juniper Networks";"JNPR";"24.14";"'-0.93";"Moderately Weak";"No";"Not Available";"Information Technology";"Hold";"Hold";"Wait";"Wait";"Bullish";"None"
"KLA-Tencor Corp.";"KLAC";"161.12";"0.93";"Moderately Strong";"No";"Not Available";"Information Technology";"Sell";"Buy";"Wait";"Wait";"Bullish";"None"
"Kansas City Southern";"KSU";"174.23";"1.66";"Moderately Strong";"No";"Not Available";"Industrials";"Buy";"Buy";"Wait";"Wait";"Bullish";"None"
"Kellogg Co.";"K";"65.52";"0.31";"Weak";"No";"Not Available";"Consumer Staples";"Sell";"Hold";"Wait";"None";"Not Available";"None"
"KeyCorp";"KEY";"19.67";"0.16";"Moderately Weak";"No";"Not Available";"Financials";"Buy";"Buy";"Wait";"Wait";"Bullish";"None"
"Kimberly-Clark";"KMB";"141.35";"0.48";"Moderately Strong";"No";"Not Available";"Consumer Staples";"Sell";"Hold";"Wait";"Wait";"Bullish";"None"
"Kimco Realty";"KIM";"19.07";"'-0.03";"Weak";"No";"Not Available";"Real Estate";"Sell";"Hold";"Wait";"None";"Bearish";"None"
"Kinder Morgan";"KMI";"22.14";"0.31";"Moderately Weak";"No";"Not Available";"Energy";"Buy";"Hold";"Sell";"None";"Not Available";"Overbought"
"Kraft Heinz Co";"KHC";"27.26";"'-1.02";"Weak";"No";"Not Available";"Consumer Staples";"Sell";"Hold";"Wait";"Wait";"Bullish";"None"
"LKQ Corporation";"LKQ";"33.04";"0.47";"Moderately Strong";"No";"Not Available";"Consumer Discretionary";"Sell";"Strong Buy";"Wait";"Wait";"Bullish";"None"
"Laboratory Corp. of America Holding";"LH";"189.56";"0.83";"Strong";"Yes";"Not Available";"Health Care";"Buy";"Buy";"Wait";"None";"Not Available";"None"
"Lam Research";"LRCX";"316.8";"1.55";"Strong";"Yes";"Not Available";"Information Technology";"Buy";"Buy";"Wait";"Wait";"Bullish";"None"
"Leggett & Platt";"LEG";"44.65";"'-0.37";"Weak";"No";"Not Available";"Consumer Discretionary";"Sell";"Hold";"Wait";"None";"Not Available";"None"
"Lennar Corp.";"LEN";"70.65";"1.14";"Strong";"Yes";"Not Available";"Consumer Discretionary";"Buy";"Buy";"Wait";"Wait";"Bullish";"None"
"Lilly (Eli) & Co.";"LLY";"142.04";"0.28";"Weak";"No";"Not Available";"Health Care";"Buy";"Buy";"Wait";"None";"Not Available";"None"
"Lincoln National";"LNC";"59.77";"'-0.35";"Moderately Weak";"No";"Not Available";"Financials";"Buy";"Buy";"Wait";"None";"Bearish";"None"
"Lockheed Martin Corp.";"LMT";"427.8";"1.52";"Moderately Strong";"No";"Not Available";"Industrials";"Buy";"Buy";"Wait";"None";"Not Available";"None"
"Loews Corp.";"L";"53.63";"0.18";"Weak";"No";"Not Available";"Financials";"Buy";"Hold";"Wait";"None";"Not Available";"None"
"LyondellBasell";"LYB";"82.91";"'-0.43";"Moderately Weak";"No";"Not Available";"Materials";"Sell";"Buy";"Wait";"Wait";"Bullish";"None"
"M&T Bank Corp.";"MTB";"168.57";"'-0.44";"Weak";"No";"Not Available";"Financials";"Sell";"Hold";"Wait";"None";"Not Available";"None"
"MGM Resorts International";"MGM";"31.39";"0.23";"Weak";"No";"Not Available";"Consumer Discretionary";"Sell";"Buy";"Wait";"Wait";"Bullish";"None"
"Macerich";"MAC";"23.7";"'-2.02";"Moderately Weak";"No";"Not Available";"Real Estate";"Sell";"Not Available";"Wait";"None";"Not Available";"None"
"Marathon Oil Corp.";"MRO";"10.11";"'-1.39";"Weak";"No";"Not Available";"Energy";"Sell";"Buy";"Wait";"Wait";"Bearish";"Oversold"
"Marathon Petroleum";"MPC";"59.13";"'-0.41";"Moderately Weak";"No";"Not Available";"Energy";"Buy";"Buy";"Wait";"None";"Not Available";"None"
"Marsh & McLennan";"MMC";"116.35";"0.93";"Moderately Strong";"No";"Not Available";"Financials";"Buy";"Hold";"Wait";"None";"Not Available";"None"
"Martin Marietta Materials";"MLM";"251.42";"0.92";"Moderately Strong";"No";"Not Available";"Materials";"Strong Sell";"Buy";"Wait";"Wait";"Bearish";"Oversold"
"Masco Corp.";"MAS";"45.18";"0.44";"Moderately Strong";"No";"Not Available";"Industrials";"Sell";"Buy";"Wait";"Wait";"Bullish";"Oversold"
"Mastercard Inc.";"MA";"339.7";"1.67";"Strong";"Yes";"Not Available";"Information Technology";"Buy";"Buy";"Sell";"Wait";"Bullish";"Overbought"
"Mattel Inc.";"MAT";"12.94";"'-0.17";"Weak";"No";"Not Available";"Consumer Discretionary";"Sell";"Not Available";"Wait";"Wait";"Not Available";"Oversold"
"McCormick & Co.";"MKC";"162.2";"0.53";"Moderately Strong";"No";"Not Available";"Consumer Staples";"Sell";"Hold";"Wait";"Wait";"Bullish";"None"
"McDonald's Corp.";"MCD";"215.87";"0.51";"Weak";"No";"Not Available";"Consumer Discretionary";"Buy";"Buy";"Wait";"None";"Not Available";"None"
"McKesson Corp.";"MCK";"170.96";"0.71";"Strong";"Yes";"Not Available";"Health Care";"Buy";"Buy";"Wait";"Wait";"Bullish";"Overbought"
"Merck & Co.";"MRK";"82.34";"'-0.35";"Weak";"No";"Not Available";"Health Care";"Sell";"Buy";"Wait";"Wait";"Not Available";"Oversold"
"MetLife Inc.";"MET";"51.23";"0.28";"Moderately Weak";"No";"Not Available";"Financials";"Sell";"Buy";"Wait";"Wait";"Bullish";"None"
"Mettler Toledo";"MTD";"760.22";"0.18";"Weak";"No";"Not Available";"Health Care";"Sell";"Hold";"Wait";"None";"Not Available";"None"
"Microchip Technology";"MCHP";"105.08";"0.37";"Strong";"Yes";"Not Available";"Information Technology";"Sell";"Buy";"Wait";"Wait";"Bullish";"None"
"Micron Technology";"MU";"56.99";"0.67";"Strong";"Yes";"Not Available";"Information Technology";"Hold";"Buy";"Wait";"Wait";"Bullish";"None"
"Microsoft Corp.";"MSFT";"178.59";"2.05";"Moderately Strong";"No";"Not Available";"Information Technology";"Buy";"Buy";"Wait";"None";"Not Available";"None"
"Mid-America Apartments";"MAA";"147.77";"1.78";"Strong";"Yes";"Not Available";"Real Estate";"Buy";"Not Available";"Wait";"None";"Not Available";"Overbought"
"Mohawk Industries";"MHK";"135";"'-0.24";"Weak";"No";"Not Available";"Consumer Discretionary";"Buy";"Hold";"Wait";"None";"Not Available";"None"
"Molson Coors Brewing Company";"TAP";"55.29";"'-0.82";"Weak";"No";"Not Available";"Consumer Staples";"Sell";"Hold";"Wait";"None";"Not Available";"None"
"Mondelez International";"MDLZ";"58.75";"0.77";"Moderately Strong";"No";"Not Available";"Consumer Staples";"Buy";"Buy";"Wait";"None";"Not Available";"None"
"Moody's Corp";"MCO";"271.83";"1.83";"Strong";"Yes";"Not Available";"Financials";"Buy";"Buy";"Wait";"None";"Not Available";"None"
"Morgan Stanley";"MS";"52.42";"0.66";"Moderately Strong";"No";"Not Available";"Financials";"Sell";"Buy";"Wait";"Wait";"Bullish";"None"
"Motorola Solutions Inc.";"MSI";"185.27";"1.03";"Strong";"Yes";"Not Available";"Information Technology";"Buy";"Buy";"Sell";"None";"Not Available";"Overbought"
"Nasdaq, Inc.";"NDAQ";"115.18";"0.95";"Moderately Strong";"No";"Not Available";"Financials";"Buy";"Buy";"Wait";"None";"Not Available";"None"
"National Oilwell Varco Inc.";"NOV";"23.21";"'-0.49";"Moderately Weak";"No";"Not Available";"Energy";"Buy";"Buy";"Wait";"None";"Bearish";"None"
"Navient";"NAVI";"14.17";"0.25";"Weak";"No";"Not Available";"Financials";"'-99";"Buy";"Wait";"Wait";"Bullish";"None"
"Netflix Inc.";"NFLX";"380.07";"'-0.01";"Moderately Weak";"No";"Not Available";"Information Technology";"Buy";"Buy";"Wait";"None";"Not Available";"None"
"Newell Brands";"NWL";"19.23";"0.23";"Moderately Strong";"No";"Not Available";"Consumer Discretionary";"'-99";"Hold";"Wait";"None";"Not Available";"None"
"Newmont Mining Corporation";"NEM";"49.44";"1.02";"Strong";"Yes";"Not Available";"Materials";"Buy";"Buy";"Wait";"Wait";"Bullish";"Overbought"
"News Corp. Class A";"NWSA";"14.34";"0.11";"Moderately Weak";"No";"Not Available";"Consumer Discretionary";"'-99";"Hold";"Wait";"Wait";"Bullish";"None"
"News Corp. Class B";"NWS";"14.79";"0.17";"Moderately Weak";"No";"Not Available";"Consumer Discretionary";"Strong Buy";"Not Available";"Wait";"Wait";"Bullish";"None"
"NextEra Energy";"NEE";"277.59";"2.18";"Strong";"Yes";"Not Available";"Utilities";"Buy";"Buy";"Wait";"None";"Not Available";"None"
"Nike";"NKE";"100.25";"0.43";"Moderately Strong";"No";"Not Available";"Consumer Discretionary";"Sell";"Buy";"Wait";"Wait";"Bullish";"None"
"Noble Energy Inc";"NBL";"17.95";"'-0.72";"Weak";"No";"Not Available";"Energy";"'-99";"Buy";"Wait";"Wait";"Bullish";"Oversold"
"Norfolk Southern Corp.";"NSC";"208.05";"0.23";"Weak";"No";"Not Available";"Industrials";"Buy";"Buy";"Wait";"Wait";"Bullish";"None"
"Northern Trust Corp.";"NTRS";"101.94";"0.10";"Moderately Weak";"No";"Not Available";"Financials";"Sell";"Hold";"Wait";"Wait";"Bullish";"None"
"Northrop Grumman Corp.";"NOC";"365.01";"0.72";"Moderately Strong";"No";"Not Available";"Industrials";"Sell";"Buy";"Wait";"None";"Neutral";"None"
"Nucor Corp.";"NUE";"48.57";"'-1.22";"Weak";"No";"Not Available";"Materials";"Sell";"Buy";"Wait";"Wait";"Bullish";"None"
"O'Reilly Automotive";"ORLY";"391.5";"'-0.27";"Weak";"No";"Not Available";"Consumer Discretionary";"Sell";"Buy";"Wait";"None";"Not Available";"None"
"Omnicom Group";"OMC";"78.27";"'-0.28";"Moderately Weak";"No";"Not Available";"Consumer Discretionary";"Buy";"Hold";"Wait";"Wait";"Bullish";"None"
"Oracle Corp.";"ORCL";"54.68";"'-0.20";"Moderately Weak";"No";"Not Available";"Information Technology";"Buy";"Hold";"Wait";"None";"Bearish";"None"
"PACCAR Inc.";"PCAR";"75.36";"'-0.01";"Weak";"No";"Not Available";"Industrials";"Sell";"Hold";"Wait";"Wait";"Bullish";"None"
"PG&E Corp.";"PCG";"17.92";"0.39";"Strong";"Yes";"Not Available";"Utilities";"Buy";"Not Available";"Wait";"None";"Not Available";"None"
"PNC Financial Services";"PNC";"153.8";"0.68";"Strong";"Yes";"Not Available";"Financials";"Buy";"Buy";"Wait";"Wait";"Bullish";"None"
"PPG Industries";"PPG";"118.91";"'-0.08";"Weak";"No";"Not Available";"Materials";"Sell";"Buy";"Wait";"Wait";"Bullish";"None"
"PPL Corp.";"PPL";"35.62";"0.20";"Weak";"No";"Not Available";"Utilities";"Sell";"Buy";"Wait";"None";"Not Available";"None"
"Packaging Corporation of America";"PKG";"102.36";"'-0.14";"Moderately Weak";"No";"Not Available";"Materials";"Sell";"Hold";"Wait";"None";"Not Available";"None"
"Parker-Hannifin";"PH";"215.2";"0.52";"Strong";"Yes";"Not Available";"Industrials";"Buy";"Buy";"Sell";"Wait";"Bullish";"Overbought"
"PayPal";"PYPL";"119.49";"0.61";"Moderately Strong";"No";"Not Available";"Information Technology";"Buy";"Buy";"Wait";"None";"Not Available";"None"
"Paychex Inc.";"PAYX";"89.05";"0.46";"Moderately Weak";"No";"Not Available";"Information Technology";"Buy";"Hold";"Wait";"Wait";"Bullish";"None"
"Pentair Ltd.";"PNR";"44.56";"'-0.11";"Moderately Weak";"No";"Not Available";"Industrials";"Buy";"Hold";"Wait";"Wait";"Bullish";"None"
"People's United Financial";"PBCT";"16.29";"'-0.71";"Moderately Weak";"No";"Not Available";"Financials";"Buy";"Hold";"Wait";"None";"Bearish";"None"
"PepsiCo Inc.";"PEP";"145.85";"1.00";"Moderately Strong";"No";"Not Available";"Consumer Staples";"Buy";"Buy";"Wait";"Wait";"Bullish";"None"
"PerkinElmer";"PKI";"92.85";"'-0.36";"Weak";"No";"Not Available";"Health Care";"Sell";"Buy";"Wait";"Wait";"Bullish";"None"
"Pfizer Inc.";"PFE";"35.72";"'-1.45";"Weak";"No";"Not Available";"Health Care";"Sell";"Buy";"Wait";"Wait";"Not Available";"Oversold"
"Philip Morris International";"PM";"89.64";"'-0.20";"Moderately Weak";"No";"Not Available";"Consumer Staples";"Strong Buy";"Buy";"Sell";"None";"Bearish";"Overbought"
"Phillips 66";"PSX";"89.25";"'-0.72";"Weak";"No";"Not Available";"Energy";"Sell";"Buy";"Wait";"None";"Not Available";"None"
"Pioneer Natural Resources";"PXD";"142.25";"'-0.09";"Moderately Weak";"No";"Not Available";"Energy";"Buy";"Buy";"Wait";"None";"Not Available";"None"
"Polo Ralph Lauren Corp.";"RL";"117.46";"'-0.38";"Moderately Weak";"No";"Not Available";"Consumer Discretionary";"Sell";"Buy";"Wait";"Wait";"Bullish";"None"
"Principal Financial Group";"PFG";"54.41";"'-0.17";"Weak";"No";"Not Available";"Financials";"Strong Sell";"Hold";"Wait";"None";"Not Available";"None"
"Procter & Gamble";"PG";"126.7";"0.95";"Moderately Strong";"No";"Not Available";"Consumer Staples";"Strong Buy";"Buy";"Wait";"Wait";"Bullish";"None"
"Progressive Corp.";"PGR";"81.46";"0.20";"Weak";"No";"Not Available";"Financials";"Buy";"Buy";"Wait";"None";"Not Available";"None"
"Prologis";"PLD";"99.23";"1.35";"Strong";"Yes";"Not Available";"Real Estate";"Buy";"Buy";"Wait";"Wait";"Bullish";"Overbought"
"Prudential Financial";"PRU";"92.6";"'-0.41";"Weak";"No";"Not Available";"Financials";"Sell";"Hold";"Wait";"None";"Not Available";"None"
"Pulte Homes Inc.";"PHM";"46.41";"1.81";"Strong";"Yes";"Not Available";"Consumer Discretionary";"Buy";"Hold";"Wait";"None";"Not Available";"None"
"QUALCOMM Inc.";"QCOM";"87.03";"1.17";"Moderately Strong";"No";"Not Available";"Information Technology";"Sell";"Buy";"Wait";"Wait";"Bullish";"None"
"Qorvo";"QRVO";"98.19";"0.91";"Moderately Strong";"No";"Not Available";"Information Technology";"Sell";"Buy";"Wait";"None";"Not Available";"None"
"Quest Diagnostics";"DGX";"113.15";"0.94";"Moderately Strong";"No";"Not Available";"Health Care";"Buy";"Hold";"Wait";"Wait";"Bullish";"None"
"Raymond James Financial Inc.";"RJF";"97.61";"0.36";"Moderately Weak";"No";"Not Available";"Financials";"Buy";"Not Available";"Wait";"None";"Not Available";"None"
"Raytheon Co.";"RTN";"222.18";"0.48";"Moderately Strong";"No";"Not Available";"Industrials";"Sell";"Buy";"Wait";"Wait";"Bullish";"None"
"Realty Income Corporation";"O";"82.44";"0.49";"Moderately Weak";"No";"Not Available";"Real Estate";"Strong Buy";"Buy";"Wait";"None";"Not Available";"Overbought"
"Regency Centers Corporation";"REG";"63.68";"'-0.76";"Moderately Weak";"No";"Not Available";"Real Estate";"'-99";"Buy";"Wait";"None";"Bearish";"None"
"Regeneron";"REGN";"403.15";"'-0.35";"Moderately Weak";"No";"Not Available";"Health Care";"Strong Buy";"Buy";"Sell";"Wait";"Bullish";"Overbought"
"Regions Financial Corp.";"RF";"16.33";"'-0.24";"Moderately Weak";"No";"Not Available";"Financials";"Sell";"Buy";"Wait";"Wait";"Bullish";"None"
"Republic Services Inc";"RSG";"99.43";"1.25";"Strong";"Yes";"Not Available";"Industrials";"Buy";"Buy";"Sell";"None";"Not Available";"Overbought"
"ResMed";"RMD";"173.88";"2.00";"Strong";"Yes";"Not Available";"Health Care";"Buy";"Hold";"Wait";"Wait";"Bullish";"None"
"Robert Half International";"RHI";"59.21";"'-0.88";"Weak";"No";"Not Available";"Industrials";"Sell";"Hold";"Wait";"None";"Not Available";"None"
"Rockwell Automation Inc.";"ROK";"209.37";"0.34";"Strong";"Yes";"Not Available";"Industrials";"Strong Buy";"Hold";"Wait";"Wait";"Bullish";"Overbought"
"Roper Technologies";"ROP";"387.25";"0.65";"Moderately Strong";"No";"Not Available";"Industrials";"Buy";"Buy";"Wait";"None";"Not Available";"None"
"Royal Caribbean Cruises Ltd";"RCL";"106.11";"'-0.74";"Weak";"No";"Not Available";"Consumer Discretionary";"Sell";"Buy";"Wait";"Wait";"Not Available";"Oversold"
"S&P Global, Inc.";"SPGI";"293.25";"1.51";"Moderately Strong";"No";"Not Available";"Financials";"Sell";"Buy";"Wait";"None";"Not Available";"None"
"SL Green Realty";"SLG";"93.38";"'-0.42";"Weak";"No";"Not Available";"Real Estate";"Sell";"Buy";"Wait";"Wait";"Bullish";"None"
"SVB Financial";"SIVB";"261.42";"0.06";"Moderately Weak";"No";"Not Available";"Financials";"Buy";"Buy";"Wait";"Wait";"Bullish";"None"
"Schlumberger Ltd.";"SLB";"33.39";"'-1.01";"Weak";"No";"Not Available";"Energy";"Strong Sell";"Buy";"Wait";"Wait";"Bullish";"None"
"Seagate Technology";"STX";"54.04";"0.28";"Weak";"No";"Not Available";"Information Technology";"Sell";"Hold";"Wait";"None";"Not Available";"None"
"Sealed Air";"SEE";"34.97";"'-1.15";"Weak";"No";"Not Available";"Materials";"Sell";"Buy";"Wait";"None";"Bearish";"None"
"Sherwin-Williams";"SHW";"573.34";"0.90";"Moderately Strong";"No";"Not Available";"Materials";"Sell";"Buy";"Wait";"None";"Bearish";"None"
"Simon Property Group Inc";"SPG";"142.25";"'-1.76";"Moderately Weak";"No";"Not Available";"Real Estate";"Buy";"Buy";"Wait";"None";"Bearish";"None"
"Skyworks Solutions";"SWKS";"114.63";"0.86";"Moderately Strong";"No";"Not Available";"Information Technology";"Sell";"Buy";"Wait";"None";"Bearish";"None"
"Snap-On Inc.";"SNA";"160.07";"'-0.38";"Weak";"No";"Not Available";"Consumer Discretionary";"Sell";"Buy";"Wait";"Wait";"Bullish";"None"
"Southwest Airlines";"LUV";"56.53";"'-0.12";"Weak";"No";"Not Available";"Industrials";"Buy";"Hold";"Wait";"Wait";"Bullish";"None"
"Stanley Black & Decker";"SWK";"158.1";"0.25";"Weak";"No";"Not Available";"Consumer Discretionary";"Sell";"Buy";"Wait";"Wait";"Bullish";"None"
"Starbucks Corp.";"SBUX";"87.36";"0.64";"Moderately Strong";"No";"Not Available";"Consumer Discretionary";"Sell";"Buy";"Wait";"None";"Not Available";"None"
"State Street Corp.";"STT";"77.13";"0.01";"Weak";"No";"Not Available";"Financials";"Sell";"Buy";"Wait";"Wait";"Bullish";"None"
"Stryker Corp.";"SYK";"224.3";"0.50";"Strong";"Yes";"Not Available";"Health Care";"Buy";"Buy";"Sell";"None";"Bearish";"Overbought"
"Synchrony Financial";"SYF";"33.33";"'-0.14";"Moderately Weak";"No";"Not Available";"Financials";"Sell";"Buy";"Wait";"Wait";"Bullish";"None"
"Sysco Corp.";"SYY";"77.04";"0.30";"Weak";"No";"Not Available";"Consumer Staples";"Sell";"Buy";"Wait";"None";"Bearish";"None"
"T. Rowe Price Group";"TROW";"136.27";"1.19";"Moderately Strong";"No";"Not Available";"Financials";"Buy";"Hold";"Wait";"None";"Not Available";"None"
"TE Connectivity Ltd.";"TEL";"91.73";"0.09";"Weak";"No";"Not Available";"Information Technology";"Strong Sell";"Buy";"Wait";"None";"Not Available";"None"
"Take-Two Interactive";"TTWO";"116.03";"0.77";"Moderately Strong";"No";"Not Available";"Information Technology";"Sell";"Buy";"Wait";"None";"Not Available";"None"
"Tapestry, Inc.";"TPR";"27.99";"'-0.59";"Moderately Weak";"No";"Not Available";"Consumer Discretionary";"Buy";"Buy";"Wait";"Wait";"Bullish";"None"
"Texas Instruments";"TXN";"128.52";"0.45";"Strong";"Yes";"Not Available";"Information Technology";"Sell";"Buy";"Wait";"Wait";"Bullish";"None"
"The Bank of New York Mellon Corp.";"BK";"45.04";"'-1.00";"Weak";"No";"Not Available";"Financials";"Sell";"Hold";"Wait";"Wait";"Bullish";"None"
"The Clorox Company";"CLX";"164.64";"'-0.29";"Moderately Weak";"No";"Not Available";"Consumer Staples";"Buy";"Hold";"Wait";"None";"Not Available";"None"
"The Hershey Company";"HSY";"160.32";"1.73";"Strong";"Yes";"Not Available";"Consumer Staples";"Buy";"Hold";"Sell";"None";"Not Available";"Overbought"
"The Mosaic Company";"MOS";"19.19";"'-1.41";"Weak";"No";"Not Available";"Materials";"Sell";"Buy";"Wait";"Wait";"Bullish";"None"
"The Travelers Companies Inc.";"TRV";"135.16";"'-0.30";"Weak";"No";"Not Available";"Financials";"Sell";"Hold";"Wait";"None";"Not Available";"None"
"The Walt Disney Company";"DIS";"138.97";"0.49";"Moderately Strong";"No";"Not Available";"Consumer Discretionary";"Sell";"Buy";"Wait";"Wait";"Bullish";"None"
"Thermo Fisher Scientific";"TMO";"334.94";"0.96";"Strong";"Yes";"Not Available";"Health Care";"Buy";"Buy";"Wait";"None";"Not Available";"None"
"Tractor Supply Company";"TSCO";"99.78";"'-0.16";"Moderately Weak";"No";"Not Available";"Consumer Discretionary";"Strong Buy";"Buy";"Sell";"Wait";"Bullish";"Overbought"
"TransDigm Group";"TDG";"629.9";"1.19";"Moderately Strong";"No";"Not Available";"Industrials";"Sell";"Buy";"Wait";"Wait";"Bullish";"None"
"TripAdvisor";"TRIP";"28.29";"'-1.68";"Weak";"No";"Not Available";"Consumer Discretionary";"Strong Sell";"Hold";"Wait";"None";"Bearish";"None"
"Tyson Foods";"TSN";"77.83";"0.55";"Moderately Strong";"No";"Not Available";"Consumer Staples";"Strong Sell";"Buy";"Wait";"Wait";"Bearish";"Oversold"
"U.S. Bancorp";"USB";"54.55";"'-0.15";"Weak";"No";"Not Available";"Financials";"Sell";"Hold";"Wait";"None";"Not Available";"None"
"UDR Inc";"UDR";"50.93";"0.26";"Moderately Weak";"No";"Not Available";"Real Estate";"Buy";"Buy";"Wait";"None";"Not Available";"Overbought"
"Under Armour Class A";"UAA";"16.04";"'-0.66";"Weak";"No";"Not Available";"Consumer Discretionary";"Sell";"Hold";"Wait";"Wait";"Not Available";"Oversold"
"Under Armour Class C";"UA";"14.57";"'-0.70";"Weak";"No";"Not Available";"Consumer Discretionary";"Sell";"Hold";"Wait";"Wait";"Not Available";"Oversold"
"Union Pacific";"UNP";"181.72";"'-0.04";"Weak";"No";"Not Available";"Industrials";"Sell";"Buy";"Wait";"Wait";"Bullish";"None"
"United Continental Holdings";"UAL";"78.01";"'-0.86";"Moderately Weak";"No";"Not Available";"Industrials";"'-99";"Buy";"Wait";"None";"Not Available";"None"
"United Health Group Inc.";"UNH";"301.43";"0.21";"Moderately Weak";"No";"Not Available";"Health Care";"Buy";"Buy";"Wait";"Wait";"Bullish";"None"
"United Parcel Service";"UPS";"102.94";"'-0.56";"Weak";"No";"Not Available";"Industrials";"Sell";"Buy";"Wait";"None";"Not Available";"None"
"United Rentals, Inc.";"URI";"151.41";"0.19";"Moderately Weak";"No";"Not Available";"Industrials";"Sell";"Buy";"Wait";"Wait";"Bullish";"None"
"United Technologies";"UTX";"151.52";"0.47";"Moderately Strong";"No";"Not Available";"Industrials";"Sell";"Buy";"Wait";"Wait";"Bullish";"None"
"Unum Group";"UNM";"29.97";"'-0.94";"Moderately Weak";"No";"Not Available";"Financials";"Buy";"Hold";"Sell";"Wait";"Bullish";"Overbought"
"V.F. Corp.";"VFC";"83.72";"'-0.41";"Weak";"No";"Not Available";"Consumer Discretionary";"Sell";"Buy";"Wait";"None";"Not Available";"None"
"Valero Energy";"VLO";"82.9";"'-0.30";"Moderately Weak";"No";"Not Available";"Energy";"Sell";"Buy";"Wait";"None";"Not Available";"None"
"Varian Medical Systems";"VAR";"143.44";"0.02";"Weak";"No";"Not Available";"Health Care";"Sell";"Buy";"Wait";"Wait";"Bullish";"None"
"Ventas Inc";"VTR";"62.99";"'-0.45";"Moderately Weak";"No";"Not Available";"Real Estate";"Buy";"Hold";"Sell";"None";"Not Available";"Overbought"
"Verisign Inc.";"VRSN";"206.12";"0.31";"Weak";"No";"Not Available";"Information Technology";"Sell";"Buy";"Wait";"None";"Not Available";"None"
"Verisk Analytics";"VRSK";"168.69";"1.42";"Moderately Strong";"No";"Not Available";"Industrials";"Buy";"Buy";"Wait";"Wait";"Bullish";"None"
"Verizon Communications";"VZ";"58.2";"'-0.43";"Weak";"No";"Not Available";"Telecommunication Services";"Sell";"Hold";"Wait";"Wait";"Bullish";"None"
"Vertex Pharmaceuticals Inc";"VRTX";"246.29";"0.83";"Strong";"Yes";"Not Available";"Health Care";"Buy";"Buy";"Wait";"None";"Not Available";"None"
"Visa Inc.";"V";"208.81";"1.57";"Strong";"Yes";"Not Available";"Information Technology";"Buy";"Buy";"Wait";"Wait";"Bullish";"None"
"Vulcan Materials";"VMC";"133.95";"0.47";"Moderately Strong";"No";"Not Available";"Materials";"Sell";"Buy";"Wait";"Wait";"Bearish";"Oversold"
"Walgreens Boots Alliance";"WBA";"51.45";"'-1.37";"Weak";"No";"Not Available";"Consumer Staples";"Sell";"Hold";"Wait";"None";"Not Available";"None"
"Waste Management Inc.";"WM";"124.56";"0.96";"Moderately Strong";"No";"Not Available";"Industrials";"Buy";"Buy";"Wait";"None";"Bearish";"None"
"Waters Corporation";"WAT";"216.38";"'-0.64";"Weak";"No";"Not Available";"Health Care";"Sell";"Sell";"Wait";"Wait";"Bullish";"None"
"Wec Energy Group Inc";"WEC";"102.5";"1.46";"Moderately Strong";"No";"Not Available";"Utilities";"Buy";"Hold";"Wait";"None";"Bearish";"None"
"Wells Fargo";"WFC";"47.7";"'-0.54";"Weak";"No";"Not Available";"Financials";"Sell";"Hold";"Wait";"None";"Not Available";"None"
"Welltower Inc.";"WELL";"87.11";"0.33";"Moderately Weak";"No";"Not Available";"Real Estate";"Buy";"Buy";"Wait";"Wait";"Bullish";"None"
"WestRock Company";"WRK";"40.85";"'-0.04";"Moderately Weak";"No";"Not Available";"Materials";"Sell";"Buy";"Wait";"Wait";"Bullish";"None"
"Western Digital";"WDC";"66.98";"0.68";"Moderately Strong";"No";"Not Available";"Information Technology";"Sell";"Buy";"Wait";"Wait";"Bullish";"None"
"Western Union Co";"WU";"25.77";"1.40";"Moderately Strong";"No";"Not Available";"Information Technology";"Sell";"Hold";"Wait";"Wait";"Bullish";"None"
"Weyerhaeuser Corp.";"WY";"30.73";"0.40";"Strong";"Yes";"Not Available";"Real Estate";"Buy";"Buy";"Sell";"Wait";"Bullish";"Overbought"
"Whirlpool Corp.";"WHR";"147.19";"'-0.17";"Weak";"No";"Not Available";"Consumer Discretionary";"Sell";"Hold";"Wait";"None";"Not Available";"None"
"Williams Cos.";"WMB";"21.52";"'-1.48";"Weak";"No";"Not Available";"Energy";"Sell";"Buy";"Wait";"None";"Bearish";"None"
"Willis Towers Watson";"WLTW";"208.44";"0.60";"Moderately Strong";"No";"Not Available";"Financials";"Sell";"Buy";"Wait";"Wait";"Bullish";"None"
"Wynn Resorts Ltd";"WYNN";"127.95";"'-0.13";"Weak";"No";"Not Available";"Consumer Discretionary";"Sell";"Buy";"Wait";"Wait";"Bullish";"None"
"Xcel Energy Inc";"XEL";"70.82";"1.15";"Moderately Strong";"No";"Not Available";"Utilities";"Buy";"Hold";"Wait";"None";"Not Available";"None"
"Xerox Corp.";"XRX";"36.34";"0.29";"Moderately Strong";"No";"Not Available";"Information Technology";"Sell";"Hold";"Wait";"Wait";"Bullish";"None"
"Xilinx Inc";"XLNX";"87.72";"'-0.95";"Moderately Weak";"No";"Not Available";"Information Technology";"Sell";"Hold";"Wait";"None";"Bearish";"None"
"Xylem Inc.";"XYL";"88.52";"0.42";"Strong";"Yes";"Not Available";"Industrials";"Buy";"Hold";"Wait";"Wait";"Bullish";"None"
"Yum! Brands Inc";"YUM";"103.51";"'-0.03";"Weak";"No";"Not Available";"Consumer Discretionary";"Sell";"Hold";"Wait";"None";"Not Available";"None"
"Zimmer Biomet Holdings";"ZBH";"157.39";"0.76";"Strong";"Yes";"Not Available";"Health Care";"Buy";"Buy";"Wait";"Wait";"Bullish";"None"
"Zions Bancorp";"ZION";"45.43";"'-0.71";"Weak";"No";"Not Available";"Financials";"Sell";"Hold";"Wait";"Wait";"Bullish";"None"
"Zoetis";"ZTS";"142.23";"1.68";"Strong";"Yes";"Not Available";"Health Care";"Buy";"Buy";"Wait";"Wait";"Bullish";"None"
"eBay Inc.";"EBAY";"38.2";"'-0.21";"Moderately Weak";"No";"Not Available";"Information Technology";"Strong Buy";"Hold";"Wait";"None";"Bearish";"None"
"Analog Devices, Inc.";"ADI";"122.76";"0.31";"Strong";"Yes";"Consistent Decline";"Information Technology";"Buy";"Buy";"Sell";"None";"Not Available";"Overbought"
"Deere & Co.";"DE";"177.43";"0.00";"Moderately Weak";"No";"Consistent Decline";"Industrials";"Strong Buy";"Buy";"Sell";"Wait";"Bullish";"Overbought"
"EQT Corporation";"EQT";"5.81";"'-2.08";"Weak";"No";"Consistent Decline";"Energy";"Sell";"Not Available";"Wait";"None";"Not Available";"None"
"Gap Inc.";"GPS";"17.06";"'-0.93";"Weak";"No";"Consistent Decline";"Consumer Discretionary";"Strong Sell";"Hold";"Wait";"None";"Bearish";"None"
"Kroger Co.";"KR";"30.31";"0.01";"Moderately Weak";"No";"Consistent Decline";"Consumer Staples";"Strong Buy";"Buy";"Wait";"None";"Not Available";"Overbought"
"Macy's Inc.";"M";"16.23";"'-1.09";"Weak";"No";"Consistent Decline";"Consumer Discretionary";"Strong Sell";"Hold";"Wait";"None";"Bearish";"None"
"Medtronic plc";"MDT";"113.28";"0.65";"Moderately Strong";"No";"Consistent Decline";"Health Care";"Sell";"Buy";"Wait";"None";"Bearish";"None"
"Ulta Beauty";"ULTA";"299.4";"'-0.09";"Moderately Weak";"No";"Consistent Decline";"Consumer Discretionary";"Buy";"Buy";"Sell";"Wait";"Bullish";"Overbought"
"AES Corp";"AES";"20.75";"0.46";"Moderately Strong";"No";"Inconsistent";"Utilities";"Buy";"Buy";"Wait";"Wait";"Bullish";"None"
"ANSYS";"ANSS";"287.11";"1.85";"Moderately Strong";"No";"Inconsistent";"Information Technology";"Buy";"Buy";"Wait";"None";"Not Available";"None"
"Agilent Technologies Inc";"A";"85.07";"0.05";"Moderately Weak";"No";"Inconsistent";"Health Care";"Buy";"Buy";"Wait";"Wait";"Bullish";"None"
"Albemarle Corp";"ALB";"92.43";"0.01";"Moderately Weak";"No";"Inconsistent";"Materials";"Buy";"Hold";"Wait";"None";"Not Available";"None"
"Ameren Corp";"AEE";"85.34";"0.58";"Moderately Weak";"No";"Inconsistent";"Utilities";"Buy";"Buy";"Wait";"None";"Not Available";"None"
"American Tower Corp A";"AMT";"247.01";"1.33";"Strong";"Yes";"Inconsistent";"Real Estate";"Buy";"Buy";"Wait";"None";"Not Available";"None"
"Apache Corporation";"APA";"28.4";"'-0.20";"Moderately Weak";"No";"Inconsistent";"Energy";"Buy";"Hold";"Wait";"None";"Not Available";"None"
"Applied Materials Inc.";"AMAT";"64.27";"1.33";"Strong";"Yes";"Inconsistent";"Information Technology";"Buy";"Buy";"Wait";"None";"Not Available";"None"
"Autodesk Inc.";"ADSK";"201.91";"0.59";"Moderately Strong";"No";"Inconsistent";"Information Technology";"Buy";"Buy";"Wait";"None";"Not Available";"None"
"Baxter International Inc.";"BAX";"92.67";"0.68";"Strong";"Yes";"Inconsistent";"Health Care";"Buy";"Buy";"Wait";"None";"Not Available";"None"
"Best Buy Co. Inc.";"BBY";"90.26";"1.07";"Strong";"Yes";"Inconsistent";"Consumer Discretionary";"Buy";"Hold";"Wait";"None";"Not Available";"None"
"Block H&R";"HRB";"23.47";"'-0.63";"Moderately Weak";"No";"Inconsistent";"Financials";"Buy";"Hold";"Wait";"None";"Not Available";"None"
"Booking Holdings Inc";"BKNG";"1928.72";"'-0.24";"Moderately Weak";"No";"Inconsistent";"Consumer Discretionary";"Sell";"Hold";"Wait";"None";"Neutral";"None"
"Broadcom";"AVGO";"304.5";"0.13";"Weak";"No";"Inconsistent";"Information Technology";"Sell";"Buy";"Wait";"Wait";"Bullish";"None"
"Campbell Soup";"CPB";"47.96";"1.35";"Moderately Strong";"No";"Inconsistent";"Consumer Staples";"Sell";"Hold";"Wait";"Wait";"Bullish";"None"
"CenterPoint Energy";"CNP";"25.27";"'-1.53";"Weak";"No";"Inconsistent";"Utilities";"Strong Sell";"Buy";"Wait";"Wait";"Not Available";"Oversold"
"Cimarex Energy";"XEC";"42.49";"'-1.23";"Moderately Weak";"No";"Inconsistent";"Energy";"Sell";"Buy";"Wait";"Wait";"Bullish";"None"
"Cisco Systems";"CSCO";"46.295";"'-0.60";"Weak";"No";"Inconsistent";"Information Technology";"Sell";"Buy";"Wait";"Wait";"Bullish";"None"
"Crown Castle International Corp.";"CCI";"168.06";"1.35";"Strong";"Yes";"Inconsistent";"Real Estate";"Buy";"Buy";"Wait";"None";"Not Available";"Overbought"
"Dentsply Sirona";"XRAY";"56.85";"0.95";"Moderately Strong";"No";"Inconsistent";"Health Care";"Sell";"Buy";"Wait";"Wait";"Bullish";"None"
"Discovery Inc. Class A";"DISCA";"29.205";"'-0.20";"Weak";"No";"Inconsistent";"Consumer Discretionary";"Sell";"Buy";"Wait";"Wait";"Bullish";"None"
"Discovery Inc. Class C";"DISCK";"27.93";"'-0.17";"Weak";"No";"Inconsistent";"Consumer Discretionary";"Sell";"Hold";"Wait";"Wait";"Bullish";"None"
"Dollar General";"DG";"166.88";"1.25";"Strong";"Yes";"Inconsistent";"Consumer Discretionary";"Buy";"Buy";"Wait";"None";"Bearish";"Overbought"
"Dollar Tree";"DLTR";"93.89";"'-0.34";"Moderately Weak";"No";"Inconsistent";"Consumer Discretionary";"Buy";"Hold";"Sell";"None";"Not Available";"Overbought"
"Duke Realty Corp";"DRE";"38.83";"1.15";"Strong";"Yes";"Inconsistent";"Real Estate";"Buy";"Buy";"Wait";"None";"Not Available";"Overbought"
"EOG Resources";"EOG";"74.21";"'-0.84";"Moderately Weak";"No";"Inconsistent";"Energy";"Sell";"Buy";"Wait";"None";"Not Available";"None"
"Edison Int'l";"EIX";"77.57";"0.66";"Moderately Strong";"No";"Inconsistent";"Utilities";"Buy";"Buy";"Wait";"Wait";"Bullish";"None"
"Eversource Energy";"ES";"95.96";"1.70";"Strong";"Yes";"Inconsistent";"Utilities";"Buy";"Hold";"Wait";"None";"Not Available";"Overbought"
"Foot Locker Inc";"FL";"38.84";"'-1.11";"Weak";"No";"Inconsistent";"Consumer Discretionary";"Strong Sell";"Not Available";"Wait";"None";"Not Available";"None"
"HP Inc.";"HPQ";"22.7";"'-0.31";"Moderately Weak";"No";"Inconsistent";"Information Technology";"Strong Buy";"Hold";"Sell";"None";"Not Available";"Overbought"
"Henry Schein";"HSIC";"67.54";"0.20";"Weak";"No";"Inconsistent";"Health Care";"Sell";"Hold";"Wait";"Wait";"Bullish";"None"
"Hewlett Packard Enterprise";"HPE";"14.18";"'-0.73";"Weak";"No";"Inconsistent";"Information Technology";"Sell";"Hold";"Wait";"None";"Not Available";"None"
"Home Depot";"HD";"245.34";"0.91";"Strong";"Yes";"Inconsistent";"Consumer Discretionary";"Buy";"Buy";"Sell";"None";"Not Available";"Overbought"
"Hormel Foods Corp.";"HRL";"44.77";"'-0.22";"Weak";"No";"Inconsistent";"Consumer Staples";"Sell";"Hold";"Wait";"Wait";"Not Available";"Oversold"
"Intuit Inc.";"INTU";"297.57";"0.43";"Strong";"Yes";"Inconsistent";"Information Technology";"Buy";"Buy";"Wait";"None";"Not Available";"None"
"JM Smucker";"SJM";"110.87";"0.05";"Moderately Weak";"No";"Inconsistent";"Consumer Staples";"Buy";"Hold";"Sell";"None";"Neutral";"Overbought"
"Kohl's Corp.";"KSS";"44.55";"'-0.86";"Moderately Weak";"No";"Inconsistent";"Consumer Discretionary";"Sell";"Hold";"Wait";"None";"Not Available";"None"
"L Brands Inc.";"LB";"24.07";"'-0.19";"Moderately Weak";"No";"Inconsistent";"Consumer Discretionary";"Buy";"Hold";"Wait";"Wait";"Bullish";"None"
"Lowe's Cos.";"LOW";"125.31";"0.39";"Strong";"Yes";"Inconsistent";"Consumer Discretionary";"Buy";"Buy";"Wait";"Wait";"Bullish";"None"
"Marriott Int'l.";"MAR";"143.24";"0.14";"Weak";"No";"Inconsistent";"Consumer Discretionary";"Sell";"Hold";"Wait";"Wait";"Bullish";"None"
"Monster Beverage";"MNST";"69.74";"0.43";"Strong";"Yes";"Inconsistent";"Consumer Staples";"Buy";"Buy";"Wait";"None";"Not Available";"None"
"NRG Energy";"NRG";"39.37";"'-0.70";"Moderately Weak";"No";"Inconsistent";"Utilities";"Buy";"Buy";"Wait";"None";"Bearish";"None"
"NetApp";"NTAP";"52";"'-0.74";"Weak";"No";"Inconsistent";"Information Technology";"Sell";"Hold";"Wait";"None";"Bearish";"None"
"NiSource Inc.";"NI";"29.88";"0.18";"Weak";"No";"Inconsistent";"Utilities";"Buy";"Buy";"Wait";"None";"Not Available";"None"
"Nielsen Holdings";"NLSN";"21.85";"'-0.89";"Moderately Weak";"No";"Inconsistent";"Industrials";"Buy";"Buy";"Wait";"None";"Bearish";"None"
"Nordstrom";"JWN";"40.54";"'-0.22";"Moderately Weak";"No";"Inconsistent";"Consumer Discretionary";"Buy";"Hold";"Wait";"Wait";"Bullish";"None"
"Nvidia Corporation";"NVDA";"294.07";"1.58";"Strong";"Yes";"Inconsistent";"Information Technology";"Buy";"Buy";"Sell";"None";"Not Available";"Overbought"
"ONEOK";"OKE";"77.06";"0.24";"Moderately Weak";"No";"Inconsistent";"Energy";"Buy";"Buy";"Wait";"None";"Bearish";"None"
"Occidental Petroleum";"OXY";"42.12";"'-1.62";"Moderately Weak";"No";"Inconsistent";"Energy";"Buy";"Hold";"Wait";"None";"Bearish";"None"
"PVH Corp.";"PVH";"84.67";"'-0.89";"Weak";"No";"Inconsistent";"Consumer Discretionary";"Sell";"Buy";"Wait";"Wait";"Bullish";"None"
"Perrigo";"PRGO";"59.86";"0.48";"Moderately Strong";"No";"Inconsistent";"Health Care";"Buy";"Hold";"Wait";"Wait";"Bullish";"None"
"Pinnacle West Capital";"PNW";"103.6";"0.11";"Moderately Weak";"No";"Inconsistent";"Utilities";"Buy";"Hold";"Wait";"None";"Not Available";"Overbought"
"Public Serv. Enterprise Inc.";"PEG";"59.96";"'-0.35";"Weak";"No";"Inconsistent";"Utilities";"Buy";"Buy";"Wait";"None";"Not Available";"None"
"Quanta Services Inc.";"PWR";"40.02";"0.09";"Weak";"No";"Inconsistent";"Industrials";"Buy";"Buy";"Wait";"Wait";"Bullish";"None"
"Range Resources Corp.";"RRC";"3.14";"'-1.45";"Moderately Weak";"No";"Inconsistent";"Energy";"'-99";"Not Available";"Wait";"None";"Not Available";"None"
"Ross Stores";"ROST";"123.24";"0.93";"Strong";"Yes";"Inconsistent";"Consumer Discretionary";"Buy";"Buy";"Sell";"Wait";"Bullish";"Overbought"
"Salesforce.com";"CRM";"189.5";"0.38";"Moderately Strong";"No";"Inconsistent";"Information Technology";"Buy";"Buy";"Wait";"None";"Not Available";"None"
"Sempra Energy";"SRE";"158.43";"1.44";"Moderately Strong";"No";"Inconsistent";"Utilities";"Buy";"Buy";"Wait";"Wait";"Bullish";"None"
"Stericycle Inc";"SRCL";"65.31";"0.98";"Strong";"Yes";"Inconsistent";"Industrials";"Strong Buy";"Not Available";"Wait";"None";"Not Available";"None"
"Synopsys Inc.";"SNPS";"149.33";"1.24";"Moderately Strong";"No";"Inconsistent";"Information Technology";"Sell";"Buy";"Wait";"None";"Not Available";"None"
"TJX Companies Inc.";"TJX";"63.31";"0.76";"Strong";"Yes";"Inconsistent";"Consumer Discretionary";"Buy";"Buy";"Sell";"Wait";"Bullish";"Overbought"
"Target Corp.";"TGT";"117.01";"1.31";"Strong";"Yes";"Inconsistent";"Consumer Discretionary";"Sell";"Buy";"Wait";"None";"Not Available";"None"
"TechnipFMC";"FTI";"16.95";"'-0.97";"Weak";"No";"Inconsistent";"Energy";"Sell";"Buy";"Wait";"None";"Bearish";"None"
"The Cooper Companies";"COO";"355.67";"0.61";"Moderately Strong";"No";"Inconsistent";"Health Care";"Buy";"Buy";"Wait";"None";"Not Available";"None"
"Tiffany & Co.";"TIF";"134.24";"0.86";"Moderately Strong";"No";"Inconsistent";"Consumer Discretionary";"Buy";"Hold";"Wait";"None";"Not Available";"None"
"Universal Health Services, Inc.";"UHS";"142.72";"'-0.12";"Moderately Weak";"No";"Inconsistent";"Health Care";"Buy";"Buy";"Wait";"None";"Bearish";"None"
"Wal-Mart Stores";"WMT";"118.58";"0.61";"Moderately Weak";"No";"Inconsistent";"Consumer Staples";"Buy";"Buy";"Wait";"None";"Bearish";"None"
"CBRE Group";"CBRE";"62.73";"0.63";"Moderately Strong";"No";"Consistent Growth";"Real Estate";"Buy";"Buy";"Wait";"Wait";"Bullish";"None"
"FLIR Systems";"FLIR";"58.35";"0.13";"Moderately Weak";"No";"Consistent Growth";"Information Technology";"Buy";"Buy";"Sell";"None";"Bearish";"Overbought"
"Mylan N.V.";"MYL";"21.15";"'-0.80";"Weak";"No";"Consistent Growth";"Health Care";"Sell";"Buy";"Wait";"None";"Not Available";"None"
"Nektar Therapeutics";"NKTR";"23.53";"'-0.56";"Moderately Weak";"No";"Consistent Growth";"Health Care";"Buy";"Not Available";"Wait";"None";"Not Available";"None"
"Public Storage";"PSA";"225.77";"0.18";"Weak";"No";"Consistent Growth";"Real Estate";"Buy";"Hold";"Wait";"None";"Bearish";"None"
"Textron Inc.";"TXT";"47.36";"'-0.71";"Moderately Weak";"No";"Consistent Growth";"Industrials";"Sell";"Buy";"Wait";"None";"Not Available";"None"